"DateTime";"Players";"Twitch Viewers";"Flags"
"2015-07-17 00:00:00";;3030
"2015-07-18 00:00:00";;3115
"2015-07-19 00:00:00";;1930
"2015-07-20 00:00:00";;2252
"2015-07-21 00:00:00";;2460
"2015-07-22 00:00:00";;2032
"2015-07-23 00:00:00";;1629
"2015-07-24 00:00:00";;2036
"2015-07-25 00:00:00";;1927
"2015-07-26 00:00:00";;1691
"2015-07-27 00:00:00";;1643
"2015-07-28 00:00:00";;3921
"2015-07-29 00:00:00";;2333
"2015-07-30 00:00:00";;1397
"2015-07-31 00:00:00";;2287
"2015-08-01 00:00:00";;2272
"2015-08-02 00:00:00";;1695
"2015-08-03 00:00:00";;1871
"2015-08-04 00:00:00";;2148
"2015-08-05 00:00:00";;2193
"2015-08-06 00:00:00";;2067
"2015-08-07 00:00:00";;1555
"2015-08-08 00:00:00";;2778
"2015-08-09 00:00:00";;3620
"2015-08-10 00:00:00";;2416
"2015-08-11 00:00:00";;4983
"2015-08-12 00:00:00";;3068
"2015-08-13 00:00:00";;1582
"2015-08-14 00:00:00";;2050
"2015-08-15 00:00:00";;2328
"2015-08-16 00:00:00";;1818
"2015-08-17 00:00:00";;2121
"2015-08-18 00:00:00";;3137
"2015-08-19 00:00:00";;3695
"2015-08-20 00:00:00";;1899
"2015-08-21 00:00:00";;1745
"2015-08-22 00:00:00";;1656
"2015-08-23 00:00:00";;2166
"2015-08-24 00:00:00";;2478
"2015-08-25 00:00:00";;2461
"2015-08-26 00:00:00";;1605
"2015-08-27 00:00:00";;1588
"2015-08-28 00:00:00";;1722
"2015-08-29 00:00:00";;2307
"2015-08-30 00:00:00";;1697
"2015-08-31 00:00:00";;1546
"2015-09-01 00:00:00";;1420
"2015-09-02 00:00:00";;1095
"2015-09-03 00:00:00";;1223
"2015-09-04 00:00:00";;2251
"2015-09-05 00:00:00";;2152
"2015-09-06 00:00:00";;1879
"2015-09-07 00:00:00";;1203
"2015-09-08 00:00:00";;2709
"2015-09-09 00:00:00";;1301
"2015-09-10 00:00:00";;1348
"2015-09-11 00:00:00";;1866
"2015-09-12 00:00:00";;1524
"2015-09-13 00:00:00";;1720
"2015-09-14 00:00:00";;1529
"2015-09-15 00:00:00";;2423
"2015-09-16 00:00:00";;1559
"2015-09-17 00:00:00";;5574
"2015-09-18 00:00:00";;2306
"2015-09-19 00:00:00";;2305
"2015-09-20 00:00:00";;1590
"2015-09-21 00:00:00";;1838
"2015-09-22 00:00:00";;2517
"2015-09-23 00:00:00";;2492
"2015-09-24 00:00:00";;1893
"2015-09-25 00:00:00";;2930
"2015-09-26 00:00:00";;2531
"2015-09-27 00:00:00";;988
"2015-09-28 00:00:00";;2855
"2015-09-29 00:00:00";;1283
"2015-09-30 00:00:00";;1794
"2015-10-01 00:00:00";;2118
"2015-10-02 00:00:00";;2120
"2015-10-03 00:00:00";;3359
"2015-10-04 00:00:00";;1953
"2015-10-05 00:00:00";;2403
"2015-10-06 00:00:00";;1471
"2015-10-07 00:00:00";;1618
"2015-10-08 00:00:00";;1909
"2015-10-09 00:00:00";;1768
"2015-10-10 00:00:00";;1306
"2015-10-11 00:00:00";;1565
"2015-10-12 00:00:00";;1426
"2015-10-13 00:00:00";;1338
"2015-10-14 00:00:00";;1224
"2015-10-15 00:00:00";;1918
"2015-10-16 00:00:00";;1313
"2015-10-17 00:00:00";;1421
"2015-10-18 00:00:00";;1485
"2015-10-19 00:00:00";;1691
"2015-10-20 00:00:00";;1959
"2015-10-21 00:00:00";;1750
"2015-10-22 00:00:00";;1886
"2015-10-23 00:00:00";;2179
"2015-10-24 00:00:00";;1761
"2015-10-25 00:00:00";;1249
"2015-10-26 00:00:00";;1219
"2015-10-27 00:00:00";;1273
"2015-10-28 00:00:00";;1165
"2015-10-29 00:00:00";;1206
"2015-10-30 00:00:00";;1603
"2015-10-31 00:00:00";;1216
"2015-11-01 00:00:00";;1055
"2015-11-02 00:00:00";;1030
"2015-11-03 00:00:00";;680
"2015-11-04 00:00:00";;818
"2015-11-05 00:00:00";;1165
"2015-11-06 00:00:00";;1222
"2015-11-07 00:00:00";;1105
"2015-11-08 00:00:00";;2122
"2015-11-09 00:00:00";;910
"2015-11-10 00:00:00";;420
"2015-11-11 00:00:00";;684
"2015-11-12 00:00:00";;610
"2015-11-13 00:00:00";;926
"2015-11-14 00:00:00";;1039
"2015-11-15 00:00:00";;717
"2015-11-16 00:00:00";;585
"2015-11-17 00:00:00";;501
"2015-11-18 00:00:00";;764
"2015-11-19 00:00:00";;729
"2015-11-20 00:00:00";;968
"2015-11-21 00:00:00";;862
"2015-11-22 00:00:00";;1061
"2015-11-23 00:00:00";;796
"2015-11-24 00:00:00";;873
"2015-11-25 00:00:00";;926
"2015-11-26 00:00:00";;846
"2015-11-27 00:00:00";;10603
"2015-11-28 00:00:00";;8930
"2015-11-29 00:00:00";;4593
"2015-11-30 00:00:00";;11574
"2015-12-01 00:00:00";;7137
"2015-12-02 00:00:00";;2152
"2015-12-03 00:00:00";;3562
"2015-12-04 00:00:00";;2340
"2015-12-05 00:00:00";;1261
"2015-12-06 00:00:00";;3556
"2015-12-07 00:00:00";;1135
"2015-12-08 00:00:00";;1328
"2015-12-09 00:00:00";;1034
"2015-12-10 00:00:00";;752
"2015-12-11 00:00:00";;993
"2015-12-12 00:00:00";;1039
"2015-12-13 00:00:00";;815
"2015-12-14 00:00:00";;935
"2015-12-15 00:00:00";;787
"2015-12-16 00:00:00";;1049
"2015-12-17 00:00:00";;671
"2015-12-18 00:00:00";;1148
"2015-12-19 00:00:00";;891
"2015-12-20 00:00:00";;948
"2015-12-21 00:00:00";;994
"2015-12-22 00:00:00";;1114
"2015-12-23 00:00:00";;1330
"2015-12-24 00:00:00";;898
"2015-12-25 00:00:00";;3160
"2015-12-26 00:00:00";;952
"2015-12-27 00:00:00";;855
"2015-12-28 00:00:00";;1066
"2015-12-29 00:00:00";;862
"2015-12-30 00:00:00";;1915
"2015-12-31 00:00:00";;1070
"2016-01-01 00:00:00";;976
"2016-01-02 00:00:00";;1069
"2016-01-03 00:00:00";;959
"2016-01-04 00:00:00";;1151
"2016-01-05 00:00:00";;885
"2016-01-06 00:00:00";;1874
"2016-01-07 00:00:00";;954
"2016-01-08 00:00:00";;4899
"2016-01-09 00:00:00";;1395
"2016-01-10 00:00:00";;1198
"2016-01-11 00:00:00";;2961
"2016-01-12 00:00:00";;1668
"2016-01-13 00:00:00";;2261
"2016-01-14 00:00:00";;1481
"2016-01-15 00:00:00";;2997
"2016-01-16 00:00:00";;5920
"2016-01-17 00:00:00";;5420
"2016-01-18 00:00:00";;1268
"2016-01-19 00:00:00";;1090
"2016-01-20 00:00:00";;909
"2016-01-21 00:00:00";;968
"2016-01-22 00:00:00";;7407
"2016-01-23 00:00:00";;4015
"2016-01-24 00:00:00";;951
"2016-01-25 00:00:00";;7858
"2016-01-26 00:00:00";;7830
"2016-01-27 00:00:00";;2232
"2016-01-28 00:00:00";;1998
"2016-01-29 00:00:00";;3111
"2016-01-30 00:00:00";;1108
"2016-01-31 00:00:00";;1041
"2016-02-01 00:00:00";;1514
"2016-02-02 00:00:00";;1066
"2016-02-03 00:00:00";;3147
"2016-02-04 00:00:00";;3353
"2016-02-05 00:00:00";;2352
"2016-02-06 00:00:00";;1492
"2016-02-07 00:00:00";;881
"2016-02-08 00:00:00";;1141
"2016-02-09 00:00:00";;1191
"2016-02-10 00:00:00";;789
"2016-02-11 00:00:00";;1206
"2016-02-12 00:00:00";;1774
"2016-02-13 00:00:00";;1083
"2016-02-14 00:00:00";;839
"2016-02-15 00:00:00";;1015
"2016-02-16 00:00:00";;940
"2016-02-17 00:00:00";;1228
"2016-02-18 00:00:00";;1594
"2016-02-19 00:00:00";;1342
"2016-02-20 00:00:00";;2090
"2016-02-21 00:00:00";;1315
"2016-02-22 00:00:00";;1217
"2016-02-23 00:00:00";;1111
"2016-02-24 00:00:00";;1283
"2016-02-25 00:00:00";;1280
"2016-02-26 00:00:00";;1239
"2016-02-27 00:00:00";;1463
"2016-02-28 00:00:00";;1142
"2016-02-29 00:00:00";;1095
"2016-03-01 00:00:00";;873
"2016-03-02 00:00:00";;1159
"2016-03-03 00:00:00";;1009
"2016-03-04 00:00:00";;911
"2016-03-05 00:00:00";;1638
"2016-03-06 00:00:00";;859
"2016-03-07 00:00:00";;745
"2016-03-08 00:00:00";;584
"2016-03-09 00:00:00";;640
"2016-03-10 00:00:00";;878
"2016-03-11 00:00:00";;755
"2016-03-12 00:00:00";;3446
"2016-03-13 00:00:00";;906
"2016-03-14 00:00:00";;1048
"2016-03-15 00:00:00";;568
"2016-03-16 00:00:00";;822
"2016-03-17 00:00:00";;701
"2016-03-18 00:00:00";;989
"2016-03-19 00:00:00";;1482
"2016-03-20 00:00:00";;628
"2016-03-21 00:00:00";;816
"2016-03-22 00:00:00";;739
"2016-03-23 00:00:00";;836
"2016-03-24 00:00:00";;1568
"2016-03-25 00:00:00";;1618
"2016-03-26 00:00:00";;1009
"2016-03-27 00:00:00";;1158
"2016-03-28 00:00:00";;840
"2016-03-29 00:00:00";;1090
"2016-03-30 00:00:00";;2412
"2016-03-31 00:00:00";;985
"2016-04-01 00:00:00";;1870
"2016-04-02 00:00:00";;5557
"2016-04-03 00:00:00";;15376
"2016-04-04 00:00:00";;10209
"2016-04-05 00:00:00";;1402
"2016-04-06 00:00:00";;9006
"2016-04-07 00:00:00";;1411
"2016-04-08 00:00:00";;2473
"2016-04-09 00:00:00";;4056
"2016-04-10 00:00:00";;4403
"2016-04-11 00:00:00";;1273
"2016-04-12 00:00:00";;1289
"2016-04-13 00:00:00";;1277
"2016-04-14 00:00:00";;1048
"2016-04-15 00:00:00";;7777
"2016-04-16 00:00:00";;12741
"2016-04-17 00:00:00";;12561
"2016-04-18 00:00:00";;1764
"2016-04-19 00:00:00";;10583
"2016-04-20 00:00:00";;12493
"2016-04-21 00:00:00";;10158
"2016-04-22 00:00:00";;2136
"2016-04-23 00:00:00";;5362
"2016-04-24 00:00:00";;1220
"2016-04-25 00:00:00";;1610
"2016-04-26 00:00:00";;770
"2016-04-27 00:00:00";;911
"2016-04-28 00:00:00";;1307
"2016-04-29 00:00:00";;1596
"2016-04-30 00:00:00";;1165
"2016-05-01 00:00:00";;1938
"2016-05-02 00:00:00";;1313
"2016-05-03 00:00:00";;956
"2016-05-04 00:00:00";;999
"2016-05-05 00:00:00";;1238
"2016-05-06 00:00:00";;1186
"2016-05-07 00:00:00";;1128
"2016-05-08 00:00:00";;1555
"2016-05-09 00:00:00";;2141
"2016-05-10 00:00:00";;1120
"2016-05-11 00:00:00";;1238
"2016-05-12 00:00:00";;1425
"2016-05-13 00:00:00";;1510
"2016-05-14 00:00:00";;965
"2016-05-15 00:00:00";;1428
"2016-05-16 00:00:00";;1131
"2016-05-17 00:00:00";;1795
"2016-05-18 00:00:00";;1165
"2016-05-19 00:00:00";;1369
"2016-05-20 00:00:00";;1374
"2016-05-21 00:00:00";;1855
"2016-05-22 00:00:00";;3643
"2016-05-23 00:00:00";;843
"2016-05-24 00:00:00";;641
"2016-05-25 00:00:00";;887
"2016-05-26 00:00:00";;799
"2016-05-27 00:00:00";;1441
"2016-05-28 00:00:00";;1113
"2016-05-29 00:00:00";;1364
"2016-05-30 00:00:00";;814
"2016-05-31 00:00:00";;1322
"2016-06-01 00:00:00";;904
"2016-06-02 00:00:00";;2692
"2016-06-03 00:00:00";;2082
"2016-06-04 00:00:00";;1509
"2016-06-05 00:00:00";;1453
"2016-06-06 00:00:00";;1249
"2016-06-07 00:00:00";;815
"2016-06-08 00:00:00";;1209
"2016-06-09 00:00:00";;865
"2016-06-10 00:00:00";;1120
"2016-06-11 00:00:00";;1106
"2016-06-12 00:00:00";;631
"2016-06-13 00:00:00";;892
"2016-06-14 00:00:00";;725
"2016-06-15 00:00:00";;926
"2016-06-16 00:00:00";;1041
"2016-06-17 00:00:00";;1071
"2016-06-18 00:00:00";;1872
"2016-06-19 00:00:00";;1251
"2016-06-20 00:00:00";;1034
"2016-06-21 00:00:00";;849
"2016-06-22 00:00:00";;1462
"2016-06-23 00:00:00";;1077
"2016-06-24 00:00:00";;1015
"2016-06-25 00:00:00";;1035
"2016-06-26 00:00:00";;877
"2016-06-27 00:00:00";;886
"2016-06-28 00:00:00";;693
"2016-06-29 00:00:00";;1238
"2016-06-30 00:00:00";;937
"2016-07-01 00:00:00";;1897
"2016-07-02 00:00:00";;1159
"2016-07-03 00:00:00";;591
"2016-07-04 00:00:00";;1039
"2016-07-05 00:00:00";;713
"2016-07-06 00:00:00";;863
"2016-07-07 00:00:00";;973
"2016-07-08 00:00:00";;1440
"2016-07-09 00:00:00";;1497
"2016-07-10 00:00:00";;1152
"2016-07-11 00:00:00";;1197
"2016-07-12 00:00:00";;809
"2016-07-13 00:00:00";;1228
"2016-07-14 00:00:00";;865
"2016-07-15 00:00:00";;1014
"2016-07-16 00:00:00";;1427
"2016-07-17 00:00:00";;938
"2016-07-18 00:00:00";;878
"2016-07-19 00:00:00";;875
"2016-07-20 00:00:00";;1297
"2016-07-21 00:00:00";;840
"2016-07-22 00:00:00";;958
"2016-07-23 00:00:00";;1150
"2016-07-24 00:00:00";;978
"2016-07-25 00:00:00";;892
"2016-07-26 00:00:00";;915
"2016-07-27 00:00:00";;1026
"2016-07-28 00:00:00";;1173
"2016-07-29 00:00:00";;1238
"2016-07-30 00:00:00";;1269
"2016-07-31 00:00:00";;1120
"2016-08-01 00:00:00";;2848
"2016-08-02 00:00:00";;1245
"2016-08-03 00:00:00";;834
"2016-08-04 00:00:00";;1420
"2016-08-05 00:00:00";;2072
"2016-08-06 00:00:00";;1186
"2016-08-07 00:00:00";;1076
"2016-08-08 00:00:00";;1772
"2016-08-09 00:00:00";;1082
"2016-08-10 00:00:00";;1087
"2016-08-11 00:00:00";;1125
"2016-08-12 00:00:00";;1700
"2016-08-13 00:00:00";;1869
"2016-08-14 00:00:00";;805
"2016-08-15 00:00:00";;1104
"2016-08-16 00:00:00";;1028
"2016-08-17 00:00:00";;2711
"2016-08-18 00:00:00";;2457
"2016-08-19 00:00:00";;2184
"2016-08-20 00:00:00";;2405
"2016-08-21 00:00:00";;2316
"2016-08-22 00:00:00";;2330
"2016-08-23 00:00:00";;1716
"2016-08-24 00:00:00";;2046
"2016-08-25 00:00:00";;1960
"2016-08-26 00:00:00";;1745
"2016-08-27 00:00:00";;3174
"2016-08-28 00:00:00";;1679
"2016-08-29 00:00:00";;1399
"2016-08-30 00:00:00";;1248
"2016-08-31 00:00:00";;1590
"2016-09-01 00:00:00";;908
"2016-09-02 00:00:00";;1921
"2016-09-03 00:00:00";;1669
"2016-09-04 00:00:00";;1924
"2016-09-05 00:00:00";;2051
"2016-09-06 00:00:00";;1325
"2016-09-07 00:00:00";;1913
"2016-09-08 00:00:00";;1251
"2016-09-09 00:00:00";;1324
"2016-09-10 00:00:00";;1884
"2016-09-11 00:00:00";;1488
"2016-09-12 00:00:00";;1175
"2016-09-13 00:00:00";;1575
"2016-09-14 00:00:00";;1969
"2016-09-15 00:00:00";;1845
"2016-09-16 00:00:00";;1408
"2016-09-17 00:00:00";;2773
"2016-09-18 00:00:00";;1647
"2016-09-19 00:00:00";;1178
"2016-09-20 00:00:00";;1836
"2016-09-21 00:00:00";;1616
"2016-09-22 00:00:00";;1334
"2016-09-23 00:00:00";;1496
"2016-09-24 00:00:00";;1797
"2016-09-25 00:00:00";;1596
"2016-09-26 00:00:00";;1556
"2016-09-27 00:00:00";;1326
"2016-09-28 00:00:00";;1593
"2016-09-29 00:00:00";;1583
"2016-09-30 00:00:00";;1985
"2016-10-01 00:00:00";;1871
"2016-10-02 00:00:00";;1752
"2016-10-03 00:00:00";;1772
"2016-10-04 00:00:00";;1175
"2016-10-05 00:00:00";;1706
"2016-10-06 00:00:00";;1824
"2016-10-07 00:00:00";;2013
"2016-10-08 00:00:00";;3259
"2016-10-09 00:00:00";;1789
"2016-10-10 00:00:00";;832
"2016-10-11 00:00:00";;1205
"2016-10-12 00:00:00";;1165
"2016-10-13 00:00:00";;1544
"2016-10-14 00:00:00";;2048
"2016-10-15 00:00:00";;2411
"2016-10-16 00:00:00";;1238
"2016-10-17 00:00:00";;902
"2016-10-18 00:00:00";;1531
"2016-10-19 00:00:00";;1842
"2016-10-20 00:00:00";;2062
"2016-10-21 00:00:00";;1605
"2016-10-22 00:00:00";;1528
"2016-10-23 00:00:00";;942
"2016-10-24 00:00:00";;1241
"2016-10-25 00:00:00";;1716
"2016-10-26 00:00:00";;1507
"2016-10-27 00:00:00";;1705
"2016-10-28 00:00:00";;1524
"2016-10-29 00:00:00";;3647
"2016-10-30 00:00:00";;1076
"2016-10-31 00:00:00";;1820
"2016-11-01 00:00:00";;1327
"2016-11-02 00:00:00";;1789
"2016-11-03 00:00:00";;1872
"2016-11-04 00:00:00";;1416
"2016-11-05 00:00:00";;3949
"2016-11-06 00:00:00";;1988
"2016-11-07 00:00:00";;1459
"2016-11-08 00:00:00";;1262
"2016-11-09 00:00:00";;1947
"2016-11-10 00:00:00";;1551
"2016-11-11 00:00:00";;1755
"2016-11-12 00:00:00";;1752
"2016-11-13 00:00:00";;1409
"2016-11-14 00:00:00";;1300
"2016-11-15 00:00:00";;1508
"2016-11-16 00:00:00";;1431
"2016-11-17 00:00:00";;1006
"2016-11-18 00:00:00";;2112
"2016-11-19 00:00:00";;2728
"2016-11-20 00:00:00";;3468
"2016-11-21 00:00:00";;5623
"2016-11-22 00:00:00";;3683
"2016-11-23 00:00:00";;4651
"2016-11-24 00:00:00";;2695
"2016-11-25 00:00:00";;1754
"2016-11-26 00:00:00";;1565
"2016-11-27 00:00:00";;1804
"2016-11-28 00:00:00";;1225
"2016-11-29 00:00:00";;1564
"2016-11-30 00:00:00";;2095
"2016-12-01 00:00:00";;1378
"2016-12-02 00:00:00";;1747
"2016-12-03 00:00:00";;1425
"2016-12-04 00:00:00";;1634
"2016-12-05 00:00:00";;1292
"2016-12-06 00:00:00";;1400
"2016-12-07 00:00:00";;1855
"2016-12-08 00:00:00";;1651
"2016-12-09 00:00:00";;1892
"2016-12-10 00:00:00";;1826
"2016-12-11 00:00:00";;2002
"2016-12-12 00:00:00";;1559
"2016-12-13 00:00:00";;1770
"2016-12-14 00:00:00";;2060
"2016-12-15 00:00:00";;1854
"2016-12-16 00:00:00";;2001
"2016-12-17 00:00:00";;1255
"2016-12-18 00:00:00";;2395
"2016-12-19 00:00:00";;1757
"2016-12-20 00:00:00";;1160
"2016-12-21 00:00:00";;2123
"2016-12-22 00:00:00";;1990
"2016-12-23 00:00:00";;2430
"2016-12-24 00:00:00";;1824
"2016-12-25 00:00:00";;1853
"2016-12-26 00:00:00";;1775
"2016-12-27 00:00:00";;1948
"2016-12-28 00:00:00";;1945
"2016-12-29 00:00:00";;2235
"2016-12-30 00:00:00";;3270
"2016-12-31 00:00:00";;1397
"2017-01-01 00:00:00";;1997
"2017-01-02 00:00:00";;4285
"2017-01-03 00:00:00";;1547
"2017-01-04 00:00:00";;5418
"2017-01-05 00:00:00";;4029
"2017-01-06 00:00:00";;2902
"2017-01-07 00:00:00";;2086
"2017-01-08 00:00:00";;3170
"2017-01-09 00:00:00";;2072
"2017-01-10 00:00:00";;2283
"2017-01-11 00:00:00";;2643
"2017-01-12 00:00:00";;7400
"2017-01-13 00:00:00";;2511
"2017-01-14 00:00:00";;1684
"2017-01-15 00:00:00";;2478
"2017-01-16 00:00:00";;1562
"2017-01-17 00:00:00";;2008
"2017-01-18 00:00:00";;2919
"2017-01-19 00:00:00";;2502
"2017-01-20 00:00:00";;2652
"2017-01-21 00:00:00";;2201
"2017-01-22 00:00:00";;2355
"2017-01-23 00:00:00";;2406
"2017-01-24 00:00:00";;1818
"2017-01-25 00:00:00";;2224
"2017-01-26 00:00:00";;2030
"2017-01-27 00:00:00";;2309
"2017-01-28 00:00:00";;2711
"2017-01-29 00:00:00";;2818
"2017-01-30 00:00:00";;2674
"2017-01-31 00:00:00";;2463
"2017-02-01 00:00:00";;2272
"2017-02-02 00:00:00";;2108
"2017-02-03 00:00:00";;2339
"2017-02-04 00:00:00";;2414
"2017-02-05 00:00:00";;1783
"2017-02-06 00:00:00";;1915
"2017-02-07 00:00:00";;1553
"2017-02-08 00:00:00";;2444
"2017-02-09 00:00:00";;2188
"2017-02-10 00:00:00";;3305
"2017-02-11 00:00:00";;2502
"2017-02-12 00:00:00";;2395
"2017-02-13 00:00:00";;2094
"2017-02-14 00:00:00";;2143
"2017-02-15 00:00:00";;2986
"2017-02-16 00:00:00";;2117
"2017-02-17 00:00:00";;2656
"2017-02-18 00:00:00";;3128
"2017-02-19 00:00:00";;1595
"2017-02-20 00:00:00";;2318
"2017-02-21 00:00:00";;2084
"2017-02-22 00:00:00";;2534
"2017-02-23 00:00:00";;1817
"2017-02-24 00:00:00";;2326
"2017-02-25 00:00:00";;2282
"2017-02-26 00:00:00";;1440
"2017-02-27 00:00:00";;1747
"2017-02-28 00:00:00";;1836
"2017-03-01 00:00:00";;2248
"2017-03-02 00:00:00";;1761
"2017-03-03 00:00:00";;2172
"2017-03-04 00:00:00";;2872
"2017-03-05 00:00:00";;3028
"2017-03-06 00:00:00";;1950
"2017-03-07 00:00:00";;1649
"2017-03-08 00:00:00";;1803
"2017-03-09 00:00:00";;2168
"2017-03-10 00:00:00";;2420
"2017-03-11 00:00:00";;2128
"2017-03-12 00:00:00";;2443
"2017-03-13 00:00:00";;1656
"2017-03-14 00:00:00";;1954
"2017-03-15 00:00:00";;1751
"2017-03-16 00:00:00";;1582
"2017-03-17 00:00:00";;2261
"2017-03-18 00:00:00";;1920
"2017-03-19 00:00:00";;1581
"2017-03-20 00:00:00";;1590
"2017-03-21 00:00:00";;1520
"2017-03-22 00:00:00";;2046
"2017-03-23 00:00:00";;1309
"2017-03-24 00:00:00";;2166
"2017-03-25 00:00:00";;1575
"2017-03-26 00:00:00";;1800
"2017-03-27 00:00:00";;1543
"2017-03-28 00:00:00";;1397
"2017-03-29 00:00:00";;2358
"2017-03-30 00:00:00";;3304
"2017-03-31 00:00:00";;2083
"2017-04-01 00:00:00";;1718
"2017-04-02 00:00:00";;1764
"2017-04-03 00:00:00";;1659
"2017-04-04 00:00:00";;2262
"2017-04-05 00:00:00";;2656
"2017-04-06 00:00:00";;1849
"2017-04-07 00:00:00";;4043
"2017-04-08 00:00:00";;2221
"2017-04-09 00:00:00";;4537
"2017-04-10 00:00:00";;3222
"2017-04-11 00:00:00";;3188
"2017-04-12 00:00:00";;2841
"2017-04-13 00:00:00";;2129
"2017-04-14 00:00:00";;3787
"2017-04-15 00:00:00";;3376
"2017-04-16 00:00:00";;2005
"2017-04-17 00:00:00";;2216
"2017-04-18 00:00:00";;1869
"2017-04-19 00:00:00";;4507
"2017-04-20 00:00:00";;3185
"2017-04-21 00:00:00";;3033
"2017-04-22 00:00:00";;3317
"2017-04-23 00:00:00";;2786
"2017-04-24 00:00:00";;2257
"2017-04-25 00:00:00";;1876
"2017-04-26 00:00:00";;2446
"2017-04-27 00:00:00";;2415
"2017-04-28 00:00:00";;2464
"2017-04-29 00:00:00";;7355
"2017-04-30 00:00:00";;2438
"2017-05-01 00:00:00";;2143
"2017-05-02 00:00:00";;1931
"2017-05-03 00:00:00";;2149
"2017-05-04 00:00:00";;1440
"2017-05-05 00:00:00";;2430
"2017-05-06 00:00:00";;2305
"2017-05-07 00:00:00";;4796
"2017-05-08 00:00:00";;1627
"2017-05-09 00:00:00";;1508
"2017-05-10 00:00:00";;1959
"2017-05-11 00:00:00";;2119
"2017-05-12 00:00:00";;1769
"2017-05-13 00:00:00";;1591
"2017-05-14 00:00:00";;2824
"2017-05-15 00:00:00";;2202
"2017-05-16 00:00:00";;1552
"2017-05-17 00:00:00";;2103
"2017-05-18 00:00:00";;1853
"2017-05-19 00:00:00";;2172
"2017-05-20 00:00:00";;2558
"2017-05-21 00:00:00";;4091
"2017-05-22 00:00:00";;2014
"2017-05-23 00:00:00";;2111
"2017-05-24 00:00:00";;1798
"2017-05-25 00:00:00";;1597
"2017-05-26 00:00:00";;2667
"2017-05-27 00:00:00";;2731
"2017-05-28 00:00:00";;3613
"2017-05-29 00:00:00";;2903
"2017-05-30 00:00:00";;2292
"2017-05-31 00:00:00";;1985
"2017-06-01 00:00:00";;1363
"2017-06-02 00:00:00";;2008
"2017-06-03 00:00:00";;1729
"2017-06-04 00:00:00";;1925
"2017-06-05 00:00:00";;1867
"2017-06-06 00:00:00";;1841
"2017-06-07 00:00:00";;2162
"2017-06-08 00:00:00";;2321
"2017-06-09 00:00:00";;2551
"2017-06-10 00:00:00";;1791
"2017-06-11 00:00:00";;2132
"2017-06-12 00:00:00";;1344
"2017-06-13 00:00:00";;1597
"2017-06-14 00:00:00";;3558
"2017-06-15 00:00:00";;1473
"2017-06-16 00:00:00";;1949
"2017-06-17 00:00:00";;3689
"2017-06-18 00:00:00";;2089
"2017-06-19 00:00:00";;1418
"2017-06-20 00:00:00";;1807
"2017-06-21 00:00:00";;1612
"2017-06-22 00:00:00";;1569
"2017-06-23 00:00:00";;1861
"2017-06-24 00:00:00";;1408
"2017-06-25 00:00:00";;1548
"2017-06-26 00:00:00";;1581
"2017-06-27 00:00:00";;2202
"2017-06-28 00:00:00";;1612
"2017-06-29 00:00:00";;1725
"2017-06-30 00:00:00";;2555
"2017-07-01 00:00:00";;2498
"2017-07-02 00:00:00";;2432
"2017-07-03 00:00:00";;4233
"2017-07-04 00:00:00";;1517
"2017-07-05 00:00:00";;4210
"2017-07-06 00:00:00";;1895
"2017-07-07 00:00:00";;3355
"2017-07-08 00:00:00";;1563
"2017-07-09 00:00:00";;3516
"2017-07-10 00:00:00";;1853
"2017-07-11 00:00:00";;2422
"2017-07-12 00:00:00";;3698
"2017-07-13 00:00:00";;1561
"2017-07-14 00:00:00";;1916
"2017-07-15 00:00:00";;2818
"2017-07-16 00:00:00";;1571
"2017-07-17 00:00:00";;2527
"2017-07-18 00:00:00";;1495
"2017-07-19 00:00:00";;1738
"2017-07-20 00:00:00";;2812
"2017-07-21 00:00:00";;2141
"2017-07-22 00:00:00";;1196
"2017-07-23 00:00:00";;3820
"2017-07-24 00:00:00";;1359
"2017-07-25 00:00:00";;1567
"2017-07-26 00:00:00";;1338
"2017-07-27 00:00:00";;1450
"2017-07-28 00:00:00";;1914
"2017-07-29 00:00:00";;1367
"2017-07-30 00:00:00";;2150
"2017-07-31 00:00:00";;1398
"2017-08-01 00:00:00";;1299
"2017-08-02 00:00:00";;1453
"2017-08-03 00:00:00";;1043
"2017-08-04 00:00:00";;5779
"2017-08-05 00:00:00";;1208
"2017-08-06 00:00:00";;2023
"2017-08-07 00:00:00";;1538
"2017-08-08 00:00:00";;1391
"2017-08-09 00:00:00";;1591
"2017-08-10 00:00:00";;1620
"2017-08-11 00:00:00";;5231
"2017-08-12 00:00:00";;1546
"2017-08-13 00:00:00";;1578
"2017-08-14 00:00:00";1;2789
"2017-08-15 00:00:00";2;1668
"2017-08-16 00:00:00";3;8295
"2017-08-17 00:00:00";4;1658
"2017-08-18 00:00:00";1;4745
"2017-08-19 00:00:00";1;1613
"2017-08-20 00:00:00";;1765
"2017-08-21 00:00:00";1;1689
"2017-08-22 00:00:00";2;1810
"2017-08-23 00:00:00";2;1720
"2017-08-24 00:00:00";1;1716
"2017-08-25 00:00:00";2;4446
"2017-08-26 00:00:00";;1581
"2017-08-27 00:00:00";;1896
"2017-08-28 00:00:00";3;1702
"2017-08-29 00:00:00";3;1727
"2017-08-30 00:00:00";3;2023
"2017-08-31 00:00:00";3;2385
"2017-09-01 00:00:00";3;2377
"2017-09-02 00:00:00";2;2435
"2017-09-03 00:00:00";;1550
"2017-09-04 00:00:00";5;1726
"2017-09-05 00:00:00";7;2017
"2017-09-06 00:00:00";5;1978
"2017-09-07 00:00:00";3;2016
"2017-09-08 00:00:00";4;2342
"2017-09-09 00:00:00";5;2165
"2017-09-10 00:00:00";2;1679
"2017-09-11 00:00:00";4;1629
"2017-09-12 00:00:00";2;1862
"2017-09-13 00:00:00";3;1796
"2017-09-14 00:00:00";3;1944
"2017-09-15 00:00:00";2;3532
"2017-09-16 00:00:00";2;1931
"2017-09-17 00:00:00";;2503
"2017-09-18 00:00:00";2;1706
"2017-09-19 00:00:00";1;2827
"2017-09-20 00:00:00";2;5350
"2017-09-21 00:00:00";3;2251
"2017-09-22 00:00:00";;2443
"2017-09-23 00:00:00";;2056
"2017-09-24 00:00:00";;1772
"2017-09-25 00:00:00";1;2468
"2017-09-26 00:00:00";2;2033
"2017-09-27 00:00:00";4;2861
"2017-09-28 00:00:00";2;3169
"2017-09-29 00:00:00";2;5032
"2017-09-30 00:00:00";2;5361
"2017-10-01 00:00:00";1;1975
"2017-10-02 00:00:00";2;1880
"2017-10-03 00:00:00";2;2065
"2017-10-04 00:00:00";3;2138
"2017-10-05 00:00:00";5;2138
"2017-10-06 00:00:00";4;2074
"2017-10-07 00:00:00";2;3869
"2017-10-08 00:00:00";;1518
"2017-10-09 00:00:00";3;1706
"2017-10-10 00:00:00";3;1723
"2017-10-11 00:00:00";3;2377
"2017-10-12 00:00:00";3;1666
"2017-10-13 00:00:00";3;1695
"2017-10-14 00:00:00";1;1606
"2017-10-15 00:00:00";1;1731
"2017-10-16 00:00:00";4;1500
"2017-10-17 00:00:00";2;2893
"2017-10-18 00:00:00";3;1853
"2017-10-19 00:00:00";3;2645
"2017-10-20 00:00:00";3;1969
"2017-10-21 00:00:00";;2692
"2017-10-22 00:00:00";1;2263
"2017-10-23 00:00:00";3;1882
"2017-10-24 00:00:00";2;1684
"2017-10-25 00:00:00";5;3109
"2017-10-26 00:00:00";5;2017
"2017-10-27 00:00:00";3;2998
"2017-10-28 00:00:00";2;6809
"2017-10-29 00:00:00";2;1500
"2017-10-30 00:00:00";3;1691
"2017-10-31 00:00:00";3;1890
"2017-11-01 00:00:00";8;1802
"2017-11-02 00:00:00";7;3576
"2017-11-03 00:00:00";3;1751
"2017-11-04 00:00:00";1;1713
"2017-11-05 00:00:00";4;1539
"2017-11-06 00:00:00";1;3025
"2017-11-07 00:00:00";3;1593
"2017-11-08 00:00:00";8;1810
"2017-11-09 00:00:00";9;2236
"2017-11-10 00:00:00";19;3183
"2017-11-11 00:00:00";26;1868
"2017-11-12 00:00:00";28;1754
"2017-11-13 00:00:00";311;2083
"2017-11-14 00:00:00";719;1884
"2017-11-15 00:00:00";980;2038;
"2017-11-16 00:00:00";2185;2070
"2017-11-17 00:00:00";3157;2130
"2017-11-18 00:00:00";3993;2108
"2017-11-19 00:00:00";6818;2153
"2017-11-20 00:00:00";5317;2567
"2017-11-21 00:00:00";5760;1899
"2017-11-22 00:00:00";6367;1923
"2017-11-23 00:00:00";5821;1842
"2017-11-24 00:00:00";5648;1698
"2017-11-25 00:00:00";6326;1851
"2017-11-26 00:00:00";6484;1739
"2017-11-27 00:00:00";4940;1882
"2017-11-28 00:00:00";4571;1974
"2017-11-29 00:00:00";3738;2365
"2017-11-30 00:00:00";3757;2960
"2017-12-01 00:00:00";4048;2348
"2017-12-02 00:00:00";4868;1770
"2017-12-03 00:00:00";4983;2038
"2017-12-04 00:00:00";3764;2018
"2017-12-05 00:00:00";3573;2234
"2017-12-06 00:00:00";3179;2133
"2017-12-07 00:00:00";3495;2244
"2017-12-08 00:00:00";3625;2001
"2017-12-09 00:00:00";4327;1697
"2017-12-10 00:00:00";4330;2059
"2017-12-11 00:00:00";3285;1985
"2017-12-12 00:00:00";2994;1994
"2017-12-13 00:00:00";2891;1639
"2017-12-14 00:00:00";2935;1799
"2017-12-15 00:00:00";3351;1991
"2017-12-16 00:00:00";5040;1597
"2017-12-17 00:00:00";5159;1605
"2017-12-18 00:00:00";3975;7637
"2017-12-19 00:00:00";3654;7734
"2017-12-20 00:00:00";3674;1981
"2017-12-21 00:00:00";3898;2049
"2017-12-22 00:00:00";4292;3047
"2017-12-23 00:00:00";4748;2501
"2017-12-24 00:00:00";4533;1542
"2017-12-25 00:00:00";3998;1648
"2017-12-26 00:00:00";4459;1863
"2017-12-27 00:00:00";3917;2128
"2017-12-28 00:00:00";4041;2256
"2017-12-29 00:00:00";4254;2284
"2017-12-30 00:00:00";4460;3415
"2017-12-31 00:00:00";4597;1399
"2018-01-01 00:00:00";4257;1820
"2018-01-02 00:00:00";3763;2182
"2018-01-03 00:00:00";3677;2249
"2018-01-04 00:00:00";3637;2199
"2018-01-05 00:00:00";3870;2354
"2018-01-06 00:00:00";4548;2154
"2018-01-07 00:00:00";4636;3508
"2018-01-08 00:00:00";3715;2359
"2018-01-09 00:00:00";3593;2175
"2018-01-10 00:00:00";3460;2078
"2018-01-11 00:00:00";3545;2064
"2018-01-12 00:00:00";3871;2631
"2018-01-13 00:00:00";4687;1711
"2018-01-14 00:00:00";4828;1928
"2018-01-15 00:00:00";4291;2182
"2018-01-16 00:00:00";3806;1834
"2018-01-17 00:00:00";3533;1944
"2018-01-18 00:00:00";3645;2349
"2018-01-19 00:00:00";4017;2297
"2018-01-20 00:00:00";5611;2070
"2018-01-21 00:00:00";6667;2435
"2018-01-22 00:00:00";5019;2443
"2018-01-23 00:00:00";4583;1879
"2018-01-24 00:00:00";4390;3338
"2018-01-25 00:00:00";4305;2054
"2018-01-26 00:00:00";4526;2562
"2018-01-27 00:00:00";5456;2724
"2018-01-28 00:00:00";5637;3430
"2018-01-29 00:00:00";4254;1629
"2018-01-30 00:00:00";4078;1889
"2018-01-31 00:00:00";3931;2769
"2018-02-01 00:00:00";3869;2188
"2018-02-02 00:00:00";4117;1644
"2018-02-03 00:00:00";5009;5352
"2018-02-04 00:00:00";5222;5568
"2018-02-05 00:00:00";4026;2177
"2018-02-06 00:00:00";3925;2121
"2018-02-07 00:00:00";3406;2213
"2018-02-08 00:00:00";3528;3127
"2018-02-09 00:00:00";3918;1939
"2018-02-10 00:00:00";4782;2128
"2018-02-11 00:00:00";4951;2306
"2018-02-12 00:00:00";4101;2128
"2018-02-13 00:00:00";3800;1798
"2018-02-14 00:00:00";3387;2289
"2018-02-15 00:00:00";3638;2554
"2018-02-16 00:00:00";3985;2007
"2018-02-17 00:00:00";4488;2074
"2018-02-18 00:00:00";4747;1987
"2018-02-19 00:00:00";4012;2376
"2018-02-20 00:00:00";3612;2098
"2018-02-21 00:00:00";3592;2113
"2018-02-22 00:00:00";3464;2243
"2018-02-23 00:00:00";3659;1987
"2018-02-24 00:00:00";4558;2445
"2018-02-25 00:00:00";4529;1977
"2018-02-26 00:00:00";3543;2158
"2018-02-27 00:00:00";3425;3430
"2018-02-28 00:00:00";3184;2264
"2018-03-01 00:00:00";3371;2512
"2018-03-02 00:00:00";3668;2304
"2018-03-03 00:00:00";4321;2008
"2018-03-04 00:00:00";4382;1914
"2018-03-05 00:00:00";3301;2857
"2018-03-06 00:00:00";3024;2365
"2018-03-07 00:00:00";3306;2287
"2018-03-08 00:00:00";3147;1914
"2018-03-09 00:00:00";3363;2355
"2018-03-10 00:00:00";4170;1973
"2018-03-11 00:00:00";4179;2387
"2018-03-12 00:00:00";3349;2511
"2018-03-13 00:00:00";3272;2020
"2018-03-14 00:00:00";3174;2218
"2018-03-15 00:00:00";3175;9549
"2018-03-16 00:00:00";3409;2444
"2018-03-17 00:00:00";4287;1933
"2018-03-18 00:00:00";4254;2148
"2018-03-19 00:00:00";3313;1677
"2018-03-20 00:00:00";3153;3297
"2018-03-21 00:00:00";3183;1580
"2018-03-22 00:00:00";3088;2086
"2018-03-23 00:00:00";3304;1982
"2018-03-24 00:00:00";3966;1965
"2018-03-25 00:00:00";4042;2149
"2018-03-26 00:00:00";3096;2285
"2018-03-27 00:00:00";3013;1892
"2018-03-28 00:00:00";2717;1831
"2018-03-29 00:00:00";3225;7756
"2018-03-30 00:00:00";3881;5491
"2018-03-31 00:00:00";3985;1178
"2018-04-01 00:00:00";3694;1577
"2018-04-02 00:00:00";3605;2313
"2018-04-03 00:00:00";3002;2249
"2018-04-04 00:00:00";3127;1529
"2018-04-05 00:00:00";3088;1821
"2018-04-06 00:00:00";3354;2205
"2018-04-07 00:00:00";3675;2459
"2018-04-08 00:00:00";3806;1455
"2018-04-09 00:00:00";2976;2906
"2018-04-10 00:00:00";2836;2342
"2018-04-11 00:00:00";2812;1501
"2018-04-12 00:00:00";2820;2108
"2018-04-13 00:00:00";3066;2074
"2018-04-14 00:00:00";3639;2122
"2018-04-15 00:00:00";3718;1397
"2018-04-16 00:00:00";2849;2428
"2018-04-17 00:00:00";2674;1541
"2018-04-18 00:00:00";2610;1769
"2018-04-19 00:00:00";2633;1623
"2018-04-20 00:00:00";2880;2170
"2018-04-21 00:00:00";3547;3326
"2018-04-22 00:00:00";3509;1594
"2018-04-23 00:00:00";2902;2146
"2018-04-24 00:00:00";2845;1298
"2018-04-25 00:00:00";2441;1989
"2018-04-26 00:00:00";2718;3916
"2018-04-27 00:00:00";3170;3046
"2018-04-28 00:00:00";3814;1880
"2018-04-29 00:00:00";3912;1932
"2018-04-30 00:00:00";3312;1916
"2018-05-01 00:00:00";3377;2917
"2018-05-02 00:00:00";2927;2638
"2018-05-03 00:00:00";2819;1673
"2018-05-04 00:00:00";3291;3197
"2018-05-05 00:00:00";3741;2637
"2018-05-06 00:00:00";3691;5050
"2018-05-07 00:00:00";3026;2916
"2018-05-08 00:00:00";2947;2852
"2018-05-09 00:00:00";2889;3473
"2018-05-10 00:00:00";2953;2935
"2018-05-11 00:00:00";3386;2845
"2018-05-12 00:00:00";3997;2412
"2018-05-13 00:00:00";3944;6800
"2018-05-14 00:00:00";2994;2719
"2018-05-15 00:00:00";2871;2660
"2018-05-16 00:00:00";2834;2696
"2018-05-17 00:00:00";2807;2233
"2018-05-18 00:00:00";3119;2632
"2018-05-19 00:00:00";3781;3678
"2018-05-20 00:00:00";3714;3206
"2018-05-21 00:00:00";3399;2618
"2018-05-22 00:00:00";2900;2190
"2018-05-23 00:00:00";2862;2361
"2018-05-24 00:00:00";2943;2040
"2018-05-25 00:00:00";3408;1609
"2018-05-26 00:00:00";3820;6228
"2018-05-27 00:00:00";3936;6965
"2018-05-28 00:00:00";3376;1798
"2018-05-29 00:00:00";3160;2451
"2018-05-30 00:00:00";2954;2358
"2018-05-31 00:00:00";3556;2522
"2018-06-01 00:00:00";3871;2925
"2018-06-02 00:00:00";4609;2662
"2018-06-03 00:00:00";5531;2577
"2018-06-04 00:00:00";4821;1743
"2018-06-05 00:00:00";4523;2355
"2018-06-06 00:00:00";4333;2323
"2018-06-07 00:00:00";4139;2389
"2018-06-08 00:00:00";4443;2865
"2018-06-09 00:00:00";4807;4153
"2018-06-10 00:00:00";4787;2334
"2018-06-11 00:00:00";3849;1474
"2018-06-12 00:00:00";3692;2244
"2018-06-13 00:00:00";3661;1969
"2018-06-14 00:00:00";3525;2102
"2018-06-15 00:00:00";3704;3089
"2018-06-16 00:00:00";4035;1406
"2018-06-17 00:00:00";4280;2096
"2018-06-18 00:00:00";3520;2288
"2018-06-19 00:00:00";3543;2508
"2018-06-20 00:00:00";3623;1692
"2018-06-21 00:00:00";3542;2361
"2018-06-22 00:00:00";3713;1534
"2018-06-23 00:00:00";4081;1587
"2018-06-24 00:00:00";3874;2138
"2018-06-25 00:00:00";3257;2073
"2018-06-26 00:00:00";3219;1868
"2018-06-27 00:00:00";2736;1722
"2018-06-28 00:00:00";3171;2645
"2018-06-29 00:00:00";3518;2628
"2018-06-30 00:00:00";3879;2217
"2018-07-01 00:00:00";3803;1953
"2018-07-02 00:00:00";3563;2249
"2018-07-03 00:00:00";3567;2057
"2018-07-04 00:00:00";3757;2811
"2018-07-05 00:00:00";3600;1744
"2018-07-06 00:00:00";3727;1688
"2018-07-07 00:00:00";4169;2023
"2018-07-08 00:00:00";4177;3113
"2018-07-09 00:00:00";3636;2317
"2018-07-10 00:00:00";3637;2351
"2018-07-11 00:00:00";3587;2073
"2018-07-12 00:00:00";3462;2220
"2018-07-13 00:00:00";3683;2268
"2018-07-14 00:00:00";3881;3322
"2018-07-15 00:00:00";4139;1487
"2018-07-16 00:00:00";3609;2672
"2018-07-17 00:00:00";3639;2425
"2018-07-18 00:00:00";3738;2554
"2018-07-19 00:00:00";3777;2959
"2018-07-20 00:00:00";3739;3005
"2018-07-21 00:00:00";4234;2735
"2018-07-22 00:00:00";4230;3561
"2018-07-23 00:00:00";3784;2784
"2018-07-24 00:00:00";3732;2375
"2018-07-25 00:00:00";3281;3107
"2018-07-26 00:00:00";3946;2889
"2018-07-27 00:00:00";4340;2797
"2018-07-28 00:00:00";4709;2345
"2018-07-29 00:00:00";4774;2883
"2018-07-30 00:00:00";4232;2109
"2018-07-31 00:00:00";4060;2221
"2018-08-01 00:00:00";4155;1568
"2018-08-02 00:00:00";4303;3059
"2018-08-03 00:00:00";4312;3160
"2018-08-04 00:00:00";4663;3514
"2018-08-05 00:00:00";4862;2473
"2018-08-06 00:00:00";4338;1145
"2018-08-07 00:00:00";4190;3011
"2018-08-08 00:00:00";4167;2639
"2018-08-09 00:00:00";4215;3443
"2018-08-10 00:00:00";3934;2410
"2018-08-11 00:00:00";4306;2689
"2018-08-12 00:00:00";4508;2747
"2018-08-13 00:00:00";4016;1763
"2018-08-14 00:00:00";3916;2129
"2018-08-15 00:00:00";3917;2190
"2018-08-16 00:00:00";3738;1824
"2018-08-17 00:00:00";3829;2271
"2018-08-18 00:00:00";4227;3280
"2018-08-19 00:00:00";4549;2376
"2018-08-20 00:00:00";3844;2317
"2018-08-21 00:00:00";3806;2942
"2018-08-22 00:00:00";3277;1900
"2018-08-23 00:00:00";3808;3453
"2018-08-24 00:00:00";4299;2656
"2018-08-25 00:00:00";4821;3412
"2018-08-26 00:00:00";4919;3205
"2018-08-27 00:00:00";4209;2862
"2018-08-28 00:00:00";4079;3052
"2018-08-29 00:00:00";4178;2307
"2018-08-30 00:00:00";4014;2680
"2018-08-31 00:00:00";4166;2615
"2018-09-01 00:00:00";4701;3270
"2018-09-02 00:00:00";4742;3642
"2018-09-03 00:00:00";4162;9119
"2018-09-04 00:00:00";3982;2634
"2018-09-05 00:00:00";3905;1745
"2018-09-06 00:00:00";3827;2656
"2018-09-07 00:00:00";4334;1846
"2018-09-08 00:00:00";4963;1761
"2018-09-09 00:00:00";4907;2478
"2018-09-10 00:00:00";4078;2582
"2018-09-11 00:00:00";3928;2413
"2018-09-12 00:00:00";3745;1655
"2018-09-13 00:00:00";3784;2057
"2018-09-14 00:00:00";4866;2682
"2018-09-15 00:00:00";5393;2552
"2018-09-16 00:00:00";5171;1627
"2018-09-17 00:00:00";4231;3912
"2018-09-18 00:00:00";4310;2522
"2018-09-19 00:00:00";3591;1579
"2018-09-20 00:00:00";4374;3045
"2018-09-21 00:00:00";4604;2575
"2018-09-22 00:00:00";5310;2265
"2018-09-23 00:00:00";5634;1987
"2018-09-24 00:00:00";4271;2336
"2018-09-25 00:00:00";4219;2335
"2018-09-26 00:00:00";3844;1759
"2018-09-27 00:00:00";4096;2968
"2018-09-28 00:00:00";4340;2324
"2018-09-29 00:00:00";5119;1639
"2018-09-30 00:00:00";5354;2883
"2018-10-01 00:00:00";4267;2500
"2018-10-02 00:00:00";4205;2357
"2018-10-03 00:00:00";4448;1653
"2018-10-04 00:00:00";4184;2095
"2018-10-05 00:00:00";4567;2556
"2018-10-06 00:00:00";5174;2563
"2018-10-07 00:00:00";5190;2279
"2018-10-08 00:00:00";4287;2424
"2018-10-09 00:00:00";4314;2142
"2018-10-10 00:00:00";4160;2122
"2018-10-11 00:00:00";4186;2328
"2018-10-12 00:00:00";4656;2461
"2018-10-13 00:00:00";5405;2627
"2018-10-14 00:00:00";5329;2342
"2018-10-15 00:00:00";4301;2342
"2018-10-16 00:00:00";4277;1914
"2018-10-17 00:00:00";3949;1754
"2018-10-18 00:00:00";4658;3249
"2018-10-19 00:00:00";4978;3676
"2018-10-20 00:00:00";5785;2318
"2018-10-21 00:00:00";5643;3417
"2018-10-22 00:00:00";4765;3047
"2018-10-23 00:00:00";4669;2528
"2018-10-24 00:00:00";4572;1740
"2018-10-25 00:00:00";4579;3435
"2018-10-26 00:00:00";4897;2375
"2018-10-27 00:00:00";5600;3309
"2018-10-28 00:00:00";5387;4239
"2018-10-29 00:00:00";4306;2219
"2018-10-30 00:00:00";4277;3365
"2018-10-31 00:00:00";3968;2449
"2018-11-01 00:00:00";4685;2478
"2018-11-02 00:00:00";4856;2395
"2018-11-03 00:00:00";5410;4728
"2018-11-04 00:00:00";5317;18206
"2018-11-05 00:00:00";4079;3285
"2018-11-06 00:00:00";4057;2570
"2018-11-07 00:00:00";4042;2655
"2018-11-08 00:00:00";4097;3469
"2018-11-09 00:00:00";4405;3345
"2018-11-10 00:00:00";5254;3596
"2018-11-11 00:00:00";5019;3358
"2018-11-12 00:00:00";3729;3062
"2018-11-13 00:00:00";3789;2943
"2018-11-14 00:00:00";3769;2626
"2018-11-15 00:00:00";3803;3043
"2018-11-16 00:00:00";4186;3182
"2018-11-17 00:00:00";5053;3302
"2018-11-18 00:00:00";4806;2900
"2018-11-19 00:00:00";3833;3007
"2018-11-20 00:00:00";3878;2661
"2018-11-21 00:00:00";3527;1861
"2018-11-22 00:00:00";4031;3225
"2018-11-23 00:00:00";4284;3216
"2018-11-24 00:00:00";5051;2850
"2018-11-25 00:00:00";4924;2854
"2018-11-26 00:00:00";4042;2743
"2018-11-27 00:00:00";3949;4229
"2018-11-28 00:00:00";4205;2810
"2018-11-29 00:00:00";4203;3244
"2018-11-30 00:00:00";4632;3318
"2018-12-01 00:00:00";5477;2698
"2018-12-02 00:00:00";5495;6242
"2018-12-03 00:00:00";4314;1823
"2018-12-04 00:00:00";4423;2491
"2018-12-05 00:00:00";3944;2791
"2018-12-06 00:00:00";4530;3645
"2018-12-07 00:00:00";5169;12191
"2018-12-08 00:00:00";6164;4619
"2018-12-09 00:00:00";5999;5767
"2018-12-10 00:00:00";4821;5192
"2018-12-11 00:00:00";4741;5212
"2018-12-12 00:00:00";4830;4964
"2018-12-13 00:00:00";4695;5143
"2018-12-14 00:00:00";5162;4169
"2018-12-15 00:00:00";6084;8030
"2018-12-16 00:00:00";5757;8480
"2018-12-17 00:00:00";4918;5383
"2018-12-18 00:00:00";4915;6462
"2018-12-19 00:00:00";3370;4847
"2018-12-20 00:00:00";5520;5748
"2018-12-21 00:00:00";5904;7920
"2018-12-22 00:00:00";6432;7270
"2018-12-23 00:00:00";6155;6409
"2018-12-24 00:00:00";5847;5063
"2018-12-25 00:00:00";5453;5204
"2018-12-26 00:00:00";6082;4094
"2018-12-27 00:00:00";6147;5065
"2018-12-28 00:00:00";6472;6117
"2018-12-29 00:00:00";6958;9218
"2018-12-30 00:00:00";7247;6852
"2018-12-31 00:00:00";6888;3928
"2019-01-01 00:00:00";6470;5786
"2019-01-02 00:00:00";6101;5559
"2019-01-03 00:00:00";6065;5898
"2019-01-04 00:00:00";6418;5382
"2019-01-05 00:00:00";7043;5419
"2019-01-06 00:00:00";6790;7041
"2019-01-07 00:00:00";5754;5444
"2019-01-08 00:00:00";5519;5319
"2019-01-09 00:00:00";5729;4513
"2019-01-10 00:00:00";5915;7025
"2019-01-11 00:00:00";6246;5957
"2019-01-12 00:00:00";7200;6577
"2019-01-13 00:00:00";7199;6363
"2019-01-14 00:00:00";5648;6203
"2019-01-15 00:00:00";5585;5344
"2019-01-16 00:00:00";5584;4461
"2019-01-17 00:00:00";5685;6500
"2019-01-18 00:00:00";5725;5386
"2019-01-19 00:00:00";6599;3617
"2019-01-20 00:00:00";6754;5357
"2019-01-21 00:00:00";5296;5244
"2019-01-22 00:00:00";5274;5272
"2019-01-23 00:00:00";5418;3977
"2019-01-24 00:00:00";5516;5798
"2019-01-25 00:00:00";5436;6011
"2019-01-26 00:00:00";6243;5294
"2019-01-27 00:00:00";6405;5436
"2019-01-28 00:00:00";5217;6173
"2019-01-29 00:00:00";5127;5092
"2019-01-30 00:00:00";4644;4697
"2019-01-31 00:00:00";6222;7117
"2019-02-01 00:00:00";6334;5367
"2019-02-02 00:00:00";7716;6396
"2019-02-03 00:00:00";8498;6747
"2019-02-04 00:00:00";6472;5136
"2019-02-05 00:00:00";6140;5544
"2019-02-06 00:00:00";6121;3981
"2019-02-07 00:00:00";5402;6053
"2019-02-08 00:00:00";5871;7547
"2019-02-09 00:00:00";6779;5050
"2019-02-10 00:00:00";6967;5109
"2019-02-11 00:00:00";5405;7498
"2019-02-12 00:00:00";5541;6115
"2019-02-13 00:00:00";5588;4934
"2019-02-14 00:00:00";5330;5535
"2019-02-15 00:00:00";5616;4421
"2019-02-16 00:00:00";6120;3858
"2019-02-17 00:00:00";6186;4548
"2019-02-18 00:00:00";5354;5052
"2019-02-19 00:00:00";5114;4394
"2019-02-20 00:00:00";5171;4063
"2019-02-21 00:00:00";5238;4833
"2019-02-22 00:00:00";5727;5973
"2019-02-23 00:00:00";6677;5293
"2019-02-24 00:00:00";6585;4661
"2019-02-25 00:00:00";5329;4835
"2019-02-26 00:00:00";5285;4724
"2019-02-27 00:00:00";4771;3892
"2019-02-28 00:00:00";5262;6043
"2019-03-01 00:00:00";6161;4826
"2019-03-02 00:00:00";7314;4027
"2019-03-03 00:00:00";7314;5356
"2019-03-04 00:00:00";6283;4985
"2019-03-05 00:00:00";6281;4984
"2019-03-06 00:00:00";5531;4884
"2019-03-07 00:00:00";6070;5280
"2019-03-08 00:00:00";6738;4795
"2019-03-09 00:00:00";7627;5027
"2019-03-10 00:00:00";7597;6722
"2019-03-11 00:00:00";6124;5976
"2019-03-12 00:00:00";6048;4864
"2019-03-13 00:00:00";6009;4031
"2019-03-14 00:00:00";6011;5312
"2019-03-15 00:00:00";6463;4950
"2019-03-16 00:00:00";7440;6000
"2019-03-17 00:00:00";7060;6297
"2019-03-18 00:00:00";5813;4886
"2019-03-19 00:00:00";5532;3877
"2019-03-20 00:00:00";5439;3016
"2019-03-21 00:00:00";5397;4003
"2019-03-22 00:00:00";5942;4254
"2019-03-23 00:00:00";6771;5712
"2019-03-24 00:00:00";6746;7274
"2019-03-25 00:00:00";5393;3893
"2019-03-26 00:00:00";5393;5929
"2019-03-27 00:00:00";5368;3921
"2019-03-28 00:00:00";5346;4783
"2019-03-29 00:00:00";6039;4243
"2019-03-30 00:00:00";6743;3893
"2019-03-31 00:00:00";6612;4354
"2019-04-01 00:00:00";6515;5865
"2019-04-02 00:00:00";6382;4995
"2019-04-03 00:00:00";6448;4473
"2019-04-04 00:00:00";6654;4926
"2019-04-05 00:00:00";6434;4702
"2019-04-06 00:00:00";7501;4455
"2019-04-07 00:00:00";7542;5004
"2019-04-08 00:00:00";6610;4319
"2019-04-09 00:00:00";6411;4608
"2019-04-10 00:00:00";6258;4121
"2019-04-11 00:00:00";6549;3241
"2019-04-12 00:00:00";7093;4484
"2019-04-13 00:00:00";7965;4050
"2019-04-14 00:00:00";7788;4554
"2019-04-15 00:00:00";6866;6403
"2019-04-16 00:00:00";6600;8184
"2019-04-17 00:00:00";6721;6988
"2019-04-18 00:00:00";6706;17142
"2019-04-19 00:00:00";7494;13409
"2019-04-20 00:00:00";7891;14793
"2019-04-21 00:00:00";7413;5877
"2019-04-22 00:00:00";7128;6488
"2019-04-23 00:00:00";6657;4524
"2019-04-24 00:00:00";5705;4637
"2019-04-25 00:00:00";5989;4950
"2019-04-26 00:00:00";7597;6369
"2019-04-27 00:00:00";8148;5636
"2019-04-28 00:00:00";8394;4821
"2019-04-29 00:00:00";7314;4049
"2019-04-30 00:00:00";7566;4053
"2019-05-01 00:00:00";8638;3343
"2019-05-02 00:00:00";7984;3649
"2019-05-03 00:00:00";8250;4206
"2019-05-04 00:00:00";8918;4051
"2019-05-05 00:00:00";9440;3770
"2019-05-06 00:00:00";8452;3955
"2019-05-07 00:00:00";8277;3660
"2019-05-08 00:00:00";8527;3587
"2019-05-09 00:00:00";8369;3588
"2019-05-10 00:00:00";8271;4049
"2019-05-11 00:00:00";8955;4840
"2019-05-12 00:00:00";8547;2683
"2019-05-13 00:00:00";7266;3084
"2019-05-14 00:00:00";7315;4178
"2019-05-15 00:00:00";7339;2835
"2019-05-16 00:00:00";7239;3474
"2019-05-17 00:00:00";7546;3505
"2019-05-18 00:00:00";8274;3177
"2019-05-19 00:00:00";7946;3885
"2019-05-20 00:00:00";6677;2628
"2019-05-21 00:00:00";6795;2944
"2019-05-22 00:00:00";6701;3033
"2019-05-23 00:00:00";6281;4684
"2019-05-24 00:00:00";6933;2751
"2019-05-25 00:00:00";7741;2642
"2019-05-26 00:00:00";7668;2603
"2019-05-27 00:00:00";6884;2681
"2019-05-28 00:00:00";6498;3091
"2019-05-29 00:00:00";5168;2702
"2019-05-30 00:00:00";7464;7518
"2019-05-31 00:00:00";7584;3622
"2019-06-01 00:00:00";8112;3654
"2019-06-02 00:00:00";7827;4074
"2019-06-03 00:00:00";7007;3381
"2019-06-04 00:00:00";7160;3659
"2019-06-05 00:00:00";7043;7925
"2019-06-06 00:00:00";7280;5733
"2019-06-07 00:00:00";7102;6669
"2019-06-08 00:00:00";7701;4098
"2019-06-09 00:00:00";7577;5364
"2019-06-10 00:00:00";7402;5104
"2019-06-11 00:00:00";6706;4767
"2019-06-12 00:00:00";6605;4449
"2019-06-13 00:00:00";6473;5244
"2019-06-14 00:00:00";7267;5035
"2019-06-15 00:00:00";7754;4861
"2019-06-16 00:00:00";7595;4311
"2019-06-17 00:00:00";6674;6123
"2019-06-18 00:00:00";6606;4624
"2019-06-19 00:00:00";6443;4522
"2019-06-20 00:00:00";6823;5400
"2019-06-21 00:00:00";6984;5626
"2019-06-22 00:00:00";7356;4659
"2019-06-23 00:00:00";7316;4785
"2019-06-24 00:00:00";6630;4591
"2019-06-25 00:00:00";6460;2842
"2019-06-26 00:00:00";6268;2928
"2019-06-27 00:00:00";7601;2999
"2019-06-28 00:00:00";7483;3933
"2019-06-29 00:00:00";7823;4374
"2019-06-30 00:00:00";7538;5341
"2019-07-01 00:00:00";5511;4784
"2019-07-02 00:00:00";7086;4504
"2019-07-03 00:00:00";6979;4383
"2019-07-04 00:00:00";8052;4443
"2019-07-05 00:00:00";8070;5106
"2019-07-06 00:00:00";8647;4856
"2019-07-07 00:00:00";8399;4678
"2019-07-08 00:00:00";7473;4086
"2019-07-09 00:00:00";7459;4201
"2019-07-10 00:00:00";7202;3436
"2019-07-11 00:00:00";7071;4835
"2019-07-12 00:00:00";7130;4914
"2019-07-13 00:00:00";7431;4546
"2019-07-14 00:00:00";7327;5232
"2019-07-15 00:00:00";6914;3394
"2019-07-16 00:00:00";6828;5245
"2019-07-17 00:00:00";6631;3474
"2019-07-18 00:00:00";6607;6049
"2019-07-19 00:00:00";6865;5124
"2019-07-20 00:00:00";7423;3257
"2019-07-21 00:00:00";7394;4697
"2019-07-22 00:00:00";6575;4127
"2019-07-23 00:00:00";6389;4135
"2019-07-24 00:00:00";5852;3504
"2019-07-25 00:00:00";7309;8217
"2019-07-26 00:00:00";7601;6174
"2019-07-27 00:00:00";7872;4918
"2019-07-28 00:00:00";7926;4963
"2019-07-29 00:00:00";7429;4798
"2019-07-30 00:00:00";7343;4764
"2019-07-31 00:00:00";7537;5222
"2019-08-01 00:00:00";7461;12119
"2019-08-02 00:00:00";7607;7490
"2019-08-03 00:00:00";8327;4956
"2019-08-04 00:00:00";8268;6091
"2019-08-05 00:00:00";7364;4836
"2019-08-06 00:00:00";7146;4923
"2019-08-07 00:00:00";7329;4531
"2019-08-08 00:00:00";7450;7385
"2019-08-09 00:00:00";7425;5405
"2019-08-10 00:00:00";8188;4805
"2019-08-11 00:00:00";8169;4204
"2019-08-12 00:00:00";7316;5688
"2019-08-13 00:00:00";7277;4801
"2019-08-14 00:00:00";7280;4516
"2019-08-15 00:00:00";7319;7081
"2019-08-16 00:00:00";7032;5299
"2019-08-17 00:00:00";7623;5149
"2019-08-18 00:00:00";7883;5056
"2019-08-19 00:00:00";7001;5352
"2019-08-20 00:00:00";6729;4504
"2019-08-21 00:00:00";6084;12082
"2019-08-22 00:00:00";7461;7014
"2019-08-23 00:00:00";7760;5787
"2019-08-24 00:00:00";8395;5889
"2019-08-25 00:00:00";8667;4684
"2019-08-26 00:00:00";7804;5312
"2019-08-27 00:00:00";7564;4751
"2019-08-28 00:00:00";7860;4394
"2019-08-29 00:00:00";7540;7217
"2019-08-30 00:00:00";7744;4549
"2019-08-31 00:00:00";8488;3828
"2019-09-01 00:00:00";8125;5578
"2019-09-02 00:00:00";7406;4487
"2019-09-03 00:00:00";7095;3361
"2019-09-04 00:00:00";6406;5954
"2019-09-05 00:00:00";6883;6277
"2019-09-06 00:00:00";7394;5049
"2019-09-07 00:00:00";8183;4791
"2019-09-08 00:00:00";7893;5069
"2019-09-09 00:00:00";6850;5657
"2019-09-10 00:00:00";6820;4237
"2019-09-11 00:00:00";6525;3748
"2019-09-12 00:00:00";6924;6798
"2019-09-13 00:00:00";6792;5073
"2019-09-14 00:00:00";7349;4839
"2019-09-15 00:00:00";7302;5047
"2019-09-16 00:00:00";5921;4715
"2019-09-17 00:00:00";8459;5292
"2019-09-18 00:00:00";8405;4584
"2019-09-19 00:00:00";7091;7081
"2019-09-20 00:00:00";8602;13472
"2019-09-21 00:00:00";9593;5959
"2019-09-22 00:00:00";9117;6972
"2019-09-23 00:00:00";8261;5511
"2019-09-24 00:00:00";7988;5323
"2019-09-25 00:00:00";7753;4725
"2019-09-26 00:00:00";7865;7000
"2019-09-27 00:00:00";8384;5919
"2019-09-28 00:00:00";8613;6174
"2019-09-29 00:00:00";8904;5580
"2019-09-30 00:00:00";7701;5403
"2019-10-01 00:00:00";7408;4892
"2019-10-02 00:00:00";7184;4820
"2019-10-03 00:00:00";7524;8816
"2019-10-04 00:00:00";7560;6463
"2019-10-05 00:00:00";8530;5274
"2019-10-06 00:00:00";8611;6615
"2019-10-07 00:00:00";7369;5095
"2019-10-08 00:00:00";7963;4209
"2019-10-09 00:00:00";7781;4673
"2019-10-10 00:00:00";7526;5626
"2019-10-11 00:00:00";8058;6159
"2019-10-12 00:00:00";9205;5650
"2019-10-13 00:00:00";8777;6823
"2019-10-14 00:00:00";7491;5913
"2019-10-15 00:00:00";7125;3686
"2019-10-16 00:00:00";6300;4432
"2019-10-17 00:00:00";8761;7846
"2019-10-18 00:00:00";8953;7107
"2019-10-19 00:00:00";9384;10453
"2019-10-20 00:00:00";9255;9528
"2019-10-21 00:00:00";8083;6388
"2019-10-22 00:00:00";8165;6773
"2019-10-23 00:00:00";8513;5068
"2019-10-24 00:00:00";8499;6761
"2019-10-25 00:00:00";8552;5896
"2019-10-26 00:00:00";9365;5870
"2019-10-27 00:00:00";8953;5026
"2019-10-28 00:00:00";7616;4845
"2019-10-29 00:00:00";5852;4104
"2019-10-30 00:00:00";8544;5511
"2019-10-31 00:00:00";8498;6785
"2019-11-01 00:00:00";9105;6092
"2019-11-02 00:00:00";9410;4898
"2019-11-03 00:00:00";9016;4914
"2019-11-04 00:00:00";7682;4646
"2019-11-05 00:00:00";7585;3841
"2019-11-06 00:00:00";7878;4489
"2019-11-07 00:00:00";7717;5320
"2019-11-08 00:00:00";8449;4997
"2019-11-09 00:00:00";10017;4952
"2019-11-10 00:00:00";9051;4650
"2019-11-11 00:00:00";8573;4551
"2019-11-12 00:00:00";8130;4661
"2019-11-13 00:00:00";7592;3433
"2019-11-14 00:00:00";8763;7034
"2019-11-15 00:00:00";9235;5443
"2019-11-16 00:00:00";10632;4505
"2019-11-17 00:00:00";10529;5305
"2019-11-18 00:00:00";9290;5564
"2019-11-19 00:00:00";8992;5381
"2019-11-20 00:00:00";9152;5203
"2019-11-21 00:00:00";9202;6241
"2019-11-22 00:00:00";9628;6187
"2019-11-23 00:00:00";10867;7168
"2019-11-24 00:00:00";10398;4745
"2019-11-25 00:00:00";9012;4841
"2019-11-26 00:00:00";9066;6594
"2019-11-27 00:00:00";9136;4907
"2019-11-28 00:00:00";9109;6060
"2019-11-29 00:00:00";10697;6179
"2019-11-30 00:00:00";10845;4938
"2019-12-01 00:00:00";11020;6067
"2019-12-02 00:00:00";9641;5027
"2019-12-03 00:00:00";9648;4655
"2019-12-04 00:00:00";9647;4318
"2019-12-05 00:00:00";9405;7759
"2019-12-06 00:00:00";9731;5565
"2019-12-07 00:00:00";10603;5197
"2019-12-08 00:00:00";10296;6396
"2019-12-09 00:00:00";8850;4745
"2019-12-10 00:00:00";8570;5034
"2019-12-11 00:00:00";7618;4933
"2019-12-12 00:00:00";10994;11100
"2019-12-13 00:00:00";11515;8158
"2019-12-14 00:00:00";12588;8629
"2019-12-15 00:00:00";12297;7331
"2019-12-16 00:00:00";11345;6111
"2019-12-17 00:00:00";11866;9542
"2019-12-18 00:00:00";11859;12151
"2019-12-19 00:00:00";11793;10746
"2019-12-20 00:00:00";12271;8542
"2019-12-21 00:00:00";13453;7988
"2019-12-22 00:00:00";13008;6047
"2019-12-23 00:00:00";12704;5424
"2019-12-24 00:00:00";12535;4039
"2019-12-25 00:00:00";12507;4016
"2019-12-26 00:00:00";13536;5704
"2019-12-27 00:00:00";14005;7066
"2019-12-28 00:00:00";14205;5714
"2019-12-29 00:00:00";13457;6190
"2019-12-30 00:00:00";13057;6724
"2019-12-31 00:00:00";13610;3509
"2020-01-01 00:00:00";13082;5172
"2020-01-02 00:00:00";12569;6706
"2020-01-03 00:00:00";12810;5711
"2020-01-04 00:00:00";13542;6105
"2020-01-05 00:00:00";13002;6103
"2020-01-06 00:00:00";12014;5826
"2020-01-07 00:00:00";11451;5484
"2020-01-08 00:00:00";11567;5181
"2020-01-09 00:00:00";11228;6134
"2020-01-10 00:00:00";11598;5359
"2020-01-11 00:00:00";12347;5619
"2020-01-12 00:00:00";12169;6201
"2020-01-13 00:00:00";10686;4784
"2020-01-14 00:00:00";10313;5097
"2020-01-15 00:00:00";9301;4070
"2020-01-16 00:00:00";10515;9632
"2020-01-17 00:00:00";10701;8104
"2020-01-18 00:00:00";11623;7538
"2020-01-19 00:00:00";11969;6782
"2020-01-20 00:00:00";10427;7300
"2020-01-21 00:00:00";10560;9455
"2020-01-22 00:00:00";11290;5128
"2020-01-23 00:00:00";10819;7240
"2020-01-24 00:00:00";10617;7516
"2020-01-25 00:00:00";12821;6025
"2020-01-26 00:00:00";13249;6264
"2020-01-27 00:00:00";11594;5245
"2020-01-28 00:00:00";12125;5181
"2020-01-29 00:00:00";12692;4496
"2020-01-30 00:00:00";13011;6864
"2020-01-31 00:00:00";14098;6190
"2020-02-01 00:00:00";16947;6098
"2020-02-02 00:00:00";17427;4800
"2020-02-03 00:00:00";15341;5485
"2020-02-04 00:00:00";15304;5321
"2020-02-05 00:00:00";15989;4977
"2020-02-06 00:00:00";15908;9145
"2020-02-07 00:00:00";16243;12957
"2020-02-08 00:00:00";18531;5465
"2020-02-09 00:00:00";18513;5912
"2020-02-10 00:00:00";16146;5832
"2020-02-11 00:00:00";15294;5789
"2020-02-12 00:00:00";14541;5060
"2020-02-13 00:00:00";17603;9816
"2020-02-14 00:00:00";16476;7290
"2020-02-15 00:00:00";18330;7145
"2020-02-16 00:00:00";18334;6544
"2020-02-17 00:00:00";16454;6294
"2020-02-18 00:00:00";16440;6731
"2020-02-19 00:00:00";15871;12523
"2020-02-20 00:00:00";17358;5738
"2020-02-21 00:00:00";17792;6945
"2020-02-22 00:00:00";19707;6704
"2020-02-23 00:00:00";19992;6314
"2020-02-24 00:00:00";18464;5589
"2020-02-25 00:00:00";18312;6345
"2020-02-26 00:00:00";18968;5896
"2020-02-27 00:00:00";18250;7493
"2020-02-28 00:00:00";18425;7375
"2020-02-29 00:00:00";19952;6406
"2020-03-01 00:00:00";19538;5035
"2020-03-02 00:00:00";17804;4815
"2020-03-03 00:00:00";17708;4393
"2020-03-04 00:00:00";17588;5351
"2020-03-05 00:00:00";18217;7820
"2020-03-06 00:00:00";18145;6506
"2020-03-07 00:00:00";19358;4978
"2020-03-08 00:00:00";19225;4639
"2020-03-09 00:00:00";17298;5786
"2020-03-10 00:00:00";16865;3668
"2020-03-11 00:00:00";15042;6120
"2020-03-12 00:00:00";18223;11168
"2020-03-13 00:00:00";18249;10404
"2020-03-14 00:00:00";18731;5970
"2020-03-15 00:00:00";18340;5737
"2020-03-16 00:00:00";17241;5474
"2020-03-17 00:00:00";17282;8817
"2020-03-18 00:00:00";17109;4494
"2020-03-19 00:00:00";17257;8666
"2020-03-20 00:00:00";18352;9203
"2020-03-21 00:00:00";19327;6328
"2020-03-22 00:00:00";19182;10653
"2020-03-23 00:00:00";18155;6525
"2020-03-24 00:00:00";18439;5803
"2020-03-25 00:00:00";17900;5962
"2020-03-26 00:00:00";18162;8350
"2020-03-27 00:00:00";17207;9286
"2020-03-28 00:00:00";18850;11698
"2020-03-29 00:00:00";19193;11347
"2020-03-30 00:00:00";17869;6059
"2020-03-31 00:00:00";15969;8545
"2020-04-01 00:00:00";19229;5765
"2020-04-02 00:00:00";19411;8171
"2020-04-03 00:00:00";18649;7700
"2020-04-04 00:00:00";22887;21334
"2020-04-05 00:00:00";19029;19829
"2020-04-06 00:00:00";17974;7243
"2020-04-07 00:00:00";17503;6744
"2020-04-08 00:00:00";16694;5242
"2020-04-09 00:00:00";18134;16379
"2020-04-10 00:00:00";19039;12755
"2020-04-11 00:00:00";19241;8775
"2020-04-12 00:00:00";18807;8000
"2020-04-13 00:00:00";18830;8572
"2020-04-14 00:00:00";17691;7527
"2020-04-15 00:00:00";18567;6270
"2020-04-16 00:00:00";17278;11846
"2020-04-17 00:00:00";16304;30069
"2020-04-18 00:00:00";18648;8314
"2020-04-19 00:00:00";18176;8869
"2020-04-20 00:00:00";16175;7621
"2020-04-21 00:00:00";16139;10848
"2020-04-22 00:00:00";16570;5674
"2020-04-23 00:00:00";15869;12452
"2020-04-24 00:00:00";16107;11832
"2020-04-25 00:00:00";16887;8614
"2020-04-26 00:00:00";16869;8217
"2020-04-27 00:00:00";14923;7848
"2020-04-28 00:00:00";13799;8264
"2020-04-29 00:00:00";16014;7234
"2020-04-30 00:00:00";16505;11271
"2020-05-01 00:00:00";16925;8637
"2020-05-02 00:00:00";16831;9108
"2020-05-03 00:00:00";16966;8020
"2020-05-04 00:00:00";15083;6895
"2020-05-05 00:00:00";14948;11101
"2020-05-06 00:00:00";15614;10079
"2020-05-07 00:00:00";15353;12644
"2020-05-08 00:00:00";15935;10792
"2020-05-09 00:00:00";17759;7818
"2020-05-10 00:00:00";16831;7441
"2020-05-11 00:00:00";14823;6508
"2020-05-12 00:00:00";14775;7464
"2020-05-13 00:00:00";13848;6754
"2020-05-14 00:00:00";16755;16285
"2020-05-15 00:00:00";14577;12894
"2020-05-16 00:00:00";17041;9164
"2020-05-17 00:00:00";16183;9472
"2020-05-18 00:00:00";14233;8388
"2020-05-19 00:00:00";14882;8472
"2020-05-20 00:00:00";15790;8351
"2020-05-21 00:00:00";15618;12833
"2020-05-22 00:00:00";15686;13222
"2020-05-23 00:00:00";16700;8137
"2020-05-24 00:00:00";15965;9108
"2020-05-25 00:00:00";14830;7307
"2020-05-26 00:00:00";14565;9897
"2020-05-27 00:00:00";15483;8670
"2020-05-28 00:00:00";15654;10158
"2020-05-29 00:00:00";16509;8641
"2020-05-30 00:00:00";17458;5897
"2020-05-31 00:00:00";16632;6357
"2020-06-01 00:00:00";15528;12100
"2020-06-02 00:00:00";13490;7163
"2020-06-03 00:00:00";14739;6530
"2020-06-04 00:00:00";14704;14143
"2020-06-05 00:00:00";15469;10381
"2020-06-06 00:00:00";16473;6434
"2020-06-07 00:00:00";15737;7070
"2020-06-08 00:00:00";14172;10801
"2020-06-09 00:00:00";13858;6278
"2020-06-10 00:00:00";12591;6077
"2020-06-11 00:00:00";17330;18152
"2020-06-12 00:00:00";16389;8548
"2020-06-13 00:00:00";16629;6413
"2020-06-14 00:00:00";16332;7339
"2020-06-15 00:00:00";14871;11235
"2020-06-16 00:00:00";15221;7849
"2020-06-17 00:00:00";14605;5987
"2020-06-18 00:00:00";14072;12744
"2020-06-19 00:00:00";14675;8792
"2020-06-20 00:00:00";16019;6855
"2020-06-21 00:00:00";14479;6061
"2020-06-22 00:00:00";13997;10289
"2020-06-23 00:00:00";15826;6920
"2020-06-24 00:00:00";15139;7933
"2020-06-25 00:00:00";14474;12655
"2020-06-26 00:00:00";13020;7680
"2020-06-27 00:00:00";13545;6973
"2020-06-28 00:00:00";13841;5426
"2020-06-29 00:00:00";12866;9305
"2020-06-30 00:00:00";12959;6681
"2020-07-01 00:00:00";12684;5701
"2020-07-02 00:00:00";13155;9323
"2020-07-03 00:00:00";14831;8618
"2020-07-04 00:00:00";16889;6987
"2020-07-05 00:00:00";15415;7484
"2020-07-06 00:00:00";13990;6466
"2020-07-07 00:00:00";14036;8002
"2020-07-08 00:00:00";13074;6395
"2020-07-09 00:00:00";14798;14353
"2020-07-10 00:00:00";14083;11715
"2020-07-11 00:00:00";14893;6770
"2020-07-12 00:00:00";14989;7663
"2020-07-13 00:00:00";14507;6411
"2020-07-14 00:00:00";14888;8885
"2020-07-15 00:00:00";15803;6710
"2020-07-16 00:00:00";15254;9556
"2020-07-17 00:00:00";14938;9461
"2020-07-18 00:00:00";16439;6996
"2020-07-19 00:00:00";16382;20335
"2020-07-20 00:00:00";14538;7173
"2020-07-21 00:00:00";13024;8479
"2020-07-22 00:00:00";15232;7539
"2020-07-23 00:00:00";14660;13621
"2020-07-24 00:00:00";16117;11140
"2020-07-25 00:00:00";18553;7158
"2020-07-26 00:00:00";18838;7326
"2020-07-27 00:00:00";16851;6817
"2020-07-28 00:00:00";16479;9434
"2020-07-29 00:00:00";16825;5949
"2020-07-30 00:00:00";16431;8760
"2020-07-31 00:00:00";16641;9233
"2020-08-01 00:00:00";17460;5721
"2020-08-02 00:00:00";17553;5964
"2020-08-03 00:00:00";15811;5856
"2020-08-04 00:00:00";15557;7466
"2020-08-05 00:00:00";14579;6502
"2020-08-06 00:00:00";16708;15751
"2020-08-07 00:00:00";15657;11206
"2020-08-08 00:00:00";16539;8827
"2020-08-09 00:00:00";16411;7474
"2020-08-10 00:00:00";15694;7395
"2020-08-11 00:00:00";15454;10776
"2020-08-12 00:00:00";15584;7777
"2020-08-13 00:00:00";15565;11154
"2020-08-14 00:00:00";15406;9688
"2020-08-15 00:00:00";16051;6969
"2020-08-16 00:00:00";16203;7591
"2020-08-17 00:00:00";14998;6905
"2020-08-18 00:00:00";14745;7636
"2020-08-19 00:00:00";14780;8277
"2020-08-20 00:00:00";14473;10760
"2020-08-21 00:00:00";15686;9279
"2020-08-22 00:00:00";16460;6933
"2020-08-23 00:00:00";16461;6665
"2020-08-24 00:00:00";14894;6973
"2020-08-25 00:00:00";14242;9850
"2020-08-26 00:00:00";14325;6693
"2020-08-27 00:00:00";13965;18211
"2020-08-28 00:00:00";14184;10341
"2020-08-29 00:00:00";14966;10995
"2020-08-30 00:00:00";14780;7501
"2020-08-31 00:00:00";13235;6564
"2020-09-01 00:00:00";12924;7023
"2020-09-02 00:00:00";11870;8000
"2020-09-03 00:00:00";15930;17013
"2020-09-04 00:00:00";15358;16841
"2020-09-05 00:00:00";16021;10026
"2020-09-06 00:00:00";15387;7608
"2020-09-07 00:00:00";14784;8125
"2020-09-08 00:00:00";14283;9480
"2020-09-09 00:00:00";14324;9234
"2020-09-10 00:00:00";13955;7844
"2020-09-11 00:00:00";14459;10682
"2020-09-12 00:00:00";15252;7665
"2020-09-13 00:00:00";14617;14871
"2020-09-14 00:00:00";13615;7437
"2020-09-15 00:00:00";12632;7625
"2020-09-16 00:00:00";13005;8240
"2020-09-17 00:00:00";13577;13773
"2020-09-18 00:00:00";14710;11397
"2020-09-19 00:00:00";15566;12098
"2020-09-20 00:00:00";14855;14940
"2020-09-21 00:00:00";14052;6568
"2020-09-22 00:00:00";13816;6902
"2020-09-23 00:00:00";13854;8202
"2020-09-24 00:00:00";13284;12355
"2020-09-25 00:00:00";13611;9205
"2020-09-26 00:00:00";14106;19744
"2020-09-27 00:00:00";13723;21742
"2020-09-28 00:00:00";11990;6952
"2020-09-29 00:00:00";10118;7458
"2020-09-30 00:00:00";12176;9001
"2020-10-01 00:00:00";12564;23008
"2020-10-02 00:00:00";13130;8676
"2020-10-03 00:00:00";13796;16124
"2020-10-04 00:00:00";13542;17849
"2020-10-05 00:00:00";12304;7081
"2020-10-06 00:00:00";12351;10179
"2020-10-07 00:00:00";13957;9889
"2020-10-08 00:00:00";13437;12142
"2020-10-09 00:00:00";13381;8207
"2020-10-10 00:00:00";15604;24934
"2020-10-11 00:00:00";14723;21297
"2020-10-12 00:00:00";12664;6929
"2020-10-13 00:00:00";13196;10103
"2020-10-14 00:00:00";13584;6466
"2020-10-15 00:00:00";13171;11060
"2020-10-16 00:00:00";13440;10474
"2020-10-17 00:00:00";15062;7661
"2020-10-18 00:00:00";14347;7805
"2020-10-19 00:00:00";12317;8461
"2020-10-20 00:00:00";12561;8592
"2020-10-21 00:00:00";13130;7701
"2020-10-22 00:00:00";12763;13991
"2020-10-23 00:00:00";13539;11366
"2020-10-24 00:00:00";14581;6423
"2020-10-25 00:00:00";13306;7489
"2020-10-26 00:00:00";11553;8596
"2020-10-27 00:00:00";9537;7857
"2020-10-28 00:00:00";11040;9190
"2020-10-29 00:00:00";12904;13981
"2020-10-30 00:00:00";12432;11067
"2020-10-31 00:00:00";13172;10020
"2020-11-01 00:00:00";12166;7544
"2020-11-02 00:00:00";10419;8921
"2020-11-03 00:00:00";10338;7152
"2020-11-04 00:00:00";10866;6122
"2020-11-05 00:00:00";10748;10665
"2020-11-06 00:00:00";11546;10267
"2020-11-07 00:00:00";12965;6657
"2020-11-08 00:00:00";11991;7213
"2020-11-09 00:00:00";10143;7631
"2020-11-10 00:00:00";10004;7793
"2020-11-11 00:00:00";10422;7268
"2020-11-12 00:00:00";11214;10610
"2020-11-13 00:00:00";12936;11239
"2020-11-14 00:00:00";14343;7602
"2020-11-15 00:00:00";13549;6952
"2020-11-16 00:00:00";11647;7130
"2020-11-17 00:00:00";11698;5911
"2020-11-18 00:00:00";11950;8356
"2020-11-19 00:00:00";11881;9703
"2020-11-20 00:00:00";12288;8824
"2020-11-21 00:00:00";13674;5487
"2020-11-22 00:00:00";12628;8003
"2020-11-23 00:00:00";10686;6909
"2020-11-24 00:00:00";10746;7757
"2020-11-25 00:00:00";10607;7478
"2020-11-26 00:00:00";10495;14665
"2020-11-27 00:00:00";14028;11361
"2020-11-28 00:00:00";14197;8220
"2020-11-29 00:00:00";13342;6731
"2020-11-30 00:00:00";11715;8282
"2020-12-01 00:00:00";9695;8728
"2020-12-02 00:00:00";11405;6727
"2020-12-03 00:00:00";12171;13391
"2020-12-04 00:00:00";12639;8404
"2020-12-05 00:00:00";13430;25543
"2020-12-06 00:00:00";13091;62804
"2020-12-07 00:00:00";11652;7540
"2020-12-08 00:00:00";11490;9629
"2020-12-09 00:00:00";11426;6377
"2020-12-10 00:00:00";10705;11937
"2020-12-11 00:00:00";11513;11003
"2020-12-12 00:00:00";12687;7735
"2020-12-13 00:00:00";11926;7658
"2020-12-14 00:00:00";10449;8780
"2020-12-15 00:00:00";10410;7819
"2020-12-16 00:00:00";10825;11020
"2020-12-17 00:00:00";10752;11872
"2020-12-18 00:00:00";10103;17617
"2020-12-19 00:00:00";12354;5774
"2020-12-20 00:00:00";12065;6696
"2020-12-21 00:00:00";11657;8800
"2020-12-22 00:00:00";14282;8576
"2020-12-23 00:00:00";13200;8102
"2020-12-24 00:00:00";13018;6243
"2020-12-25 00:00:00";13125;11078
"2020-12-26 00:00:00";13851;7951
"2020-12-27 00:00:00";14099;8059
"2020-12-28 00:00:00";13463;7256
"2020-12-29 00:00:00";13925;7974
"2020-12-30 00:00:00";13491;7256
"2020-12-31 00:00:00";14177;6764
"2021-01-01 00:00:00";13997;7032
"2021-01-02 00:00:00";11692;8481
"2021-01-03 00:00:00";12876;7275
"2021-01-04 00:00:00";11932;7293
"2021-01-05 00:00:00";12141;7571
"2021-01-06 00:00:00";12570;8149
"2021-01-07 00:00:00";12272;11156
"2021-01-08 00:00:00";12736;7974
"2021-01-09 00:00:00";13613;7681
"2021-01-10 00:00:00";13014;8048
"2021-01-11 00:00:00";11725;7811
"2021-01-12 00:00:00";11968;7434
"2021-01-13 00:00:00";12147;10392
"2021-01-14 00:00:00";11854;12541
"2021-01-15 00:00:00";12554;9637
"2021-01-16 00:00:00";13684;7134
"2021-01-17 00:00:00";13366;7306
"2021-01-18 00:00:00";12205;7443
"2021-01-19 00:00:00";10952;6547
"2021-01-20 00:00:00";11897;8843
"2021-01-21 00:00:00";13784;13228
"2021-01-22 00:00:00";13240;10320
"2021-01-23 00:00:00";14115;8374
"2021-01-24 00:00:00";13831;9320
"2021-01-25 00:00:00";12549;7297
"2021-01-26 00:00:00";12601;9977
"2021-01-27 00:00:00";13304;7613
"2021-01-28 00:00:00";12684;9234
"2021-01-29 00:00:00";13300;9932
"2021-01-30 00:00:00";14195;8634
"2021-01-31 00:00:00";13851;6738
"2021-02-01 00:00:00";12268;7244
"2021-02-02 00:00:00";12288;7217
"2021-02-03 00:00:00";12151;10334
"2021-02-04 00:00:00";379096;10132
"2021-02-05 00:00:00";216197;8781
"2021-02-06 00:00:00";48847;7034
"2021-02-07 00:00:00";14445;13636
"2021-02-08 00:00:00";13551;6569
"2021-02-09 00:00:00";12266;8599
"2021-02-10 00:00:00";12446;8530
"2021-02-11 00:00:00";11035;11399
"2021-02-12 00:00:00";12455;9491
"2021-02-13 00:00:00";12742;6903
"2021-02-14 00:00:00";13012;12133
"2021-02-15 00:00:00";10607;7286
"2021-02-16 00:00:00";10177;8381
"2021-02-17 00:00:00";10296;8069
"2021-02-18 00:00:00";12446;15786
"2021-02-19 00:00:00";12595;12248
"2021-02-20 00:00:00";13139;9580
"2021-02-21 00:00:00";13038;11913
"2021-02-22 00:00:00";11541;9847
"2021-02-23 00:00:00";11682;6463
"2021-02-24 00:00:00";12953;10317
"2021-02-25 00:00:00";12373;15843
"2021-02-26 00:00:00";12107;12127
"2021-02-27 00:00:00";13565;7053
"2021-02-28 00:00:00";12788;12782
"2021-03-01 00:00:00";10905;8002
"2021-03-02 00:00:00";11331;28722
"2021-03-03 00:00:00";11542;9316
"2021-03-04 00:00:00";11780;12967
"2021-03-05 00:00:00";11897;10110
"2021-03-06 00:00:00";13480;7727
"2021-03-07 00:00:00";12915;6045
"2021-03-08 00:00:00";11542;7216
"2021-03-09 00:00:00";11412;6879
"2021-03-10 00:00:00";12020;8409
"2021-03-11 00:00:00";12084;12721
"2021-03-12 00:00:00";12201;10409
"2021-03-13 00:00:00";15996;6463
"2021-03-14 00:00:00";13515;8027
"2021-03-15 00:00:00";11706;6829
"2021-03-16 00:00:00";10098;6128
"2021-03-17 00:00:00";11663;12483
"2021-03-18 00:00:00";13913;16787
"2021-03-19 00:00:00";13204;9915
"2021-03-20 00:00:00";14245;7952
"2021-03-21 00:00:00";13661;7886
"2021-03-22 00:00:00";11546;11019
"2021-03-23 00:00:00";11268;7060
"2021-03-24 00:00:00";11693;7502
"2021-03-25 00:00:00";11359;11203
"2021-03-26 00:00:00";11823;8565
"2021-03-27 00:00:00";13282;6630
"2021-03-28 00:00:00";12400;6112
"2021-03-29 00:00:00";10993;4591
"2021-03-30 00:00:00";10766;4955
"2021-03-31 00:00:00";11220;8109
"2021-04-01 00:00:00";11455;7758
"2021-04-02 00:00:00";12585;7204
"2021-04-03 00:00:00";12958;7020
"2021-04-04 00:00:00";12663;6547
"2021-04-05 00:00:00";11528;5865
"2021-04-06 00:00:00";10982;6070
"2021-04-07 00:00:00";11270;6102
"2021-04-08 00:00:00";11101;13676
"2021-04-09 00:00:00";11562;8392
"2021-04-10 00:00:00";12990;6386
"2021-04-11 00:00:00";12150;6792
"2021-04-12 00:00:00";10644;4915
"2021-04-13 00:00:00";9182;6423
"2021-04-14 00:00:00";10630;9525
"2021-04-15 00:00:00";11932;13921
"2021-04-16 00:00:00";12025;12156
"2021-04-17 00:00:00";12963;7944
"2021-04-18 00:00:00";12151;6593
"2021-04-19 00:00:00";11289;6783
"2021-04-20 00:00:00";11205;8770
"2021-04-21 00:00:00";11382;8924
"2021-04-22 00:00:00";11153;13164
"2021-04-23 00:00:00";11793;11423
"2021-04-24 00:00:00";12687;8550
"2021-04-25 00:00:00";13218;18134
"2021-04-26 00:00:00";11764;8967
"2021-04-27 00:00:00";11858;8262
"2021-04-28 00:00:00";11619;8897
"2021-04-29 00:00:00";11894;12204
"2021-04-30 00:00:00";12700;10800
"2021-05-01 00:00:00";13216;18997
"2021-05-02 00:00:00";13355;19013
"2021-05-03 00:00:00";12469;6363
"2021-05-04 00:00:00";12561;7402
"2021-05-05 00:00:00";11809;7764
"2021-05-06 00:00:00";12263;13721
"2021-05-07 00:00:00";13256;10086
"2021-05-08 00:00:00";14721;21184
"2021-05-09 00:00:00";13415;22481
"2021-05-10 00:00:00";12646;6057
"2021-05-11 00:00:00";12718;5922
"2021-05-12 00:00:00";12675;7765
"2021-05-13 00:00:00";13398;12223
"2021-05-14 00:00:00";13359;6310
"2021-05-15 00:00:00";13952;23879
"2021-05-16 00:00:00";13314;47737
"2021-05-17 00:00:00";11983;6272
"2021-05-18 00:00:00";9454;44442
"2021-05-19 00:00:00";11707;42973
"2021-05-20 00:00:00";12969;16558
"2021-05-21 00:00:00";13199;11835
"2021-05-22 00:00:00";14393;7464
"2021-05-23 00:00:00";13377;7721
"2021-05-24 00:00:00";13459;6458
"2021-05-25 00:00:00";12779;8389
"2021-05-26 00:00:00";13894;8121
"2021-05-27 00:00:00";13191;16475
"2021-05-28 00:00:00";13308;12512
"2021-05-29 00:00:00";14809;10375
"2021-05-30 00:00:00";13964;8549
"2021-05-31 00:00:00";12642;9557
"2021-06-01 00:00:00";12162;6457
"2021-06-02 00:00:00";12887;6774
"2021-06-03 00:00:00";13322;12654
"2021-06-04 00:00:00";13742;11677
"2021-06-05 00:00:00";14732;6955
"2021-06-06 00:00:00";14150;6885
"2021-06-07 00:00:00";12852;6218
"2021-06-08 00:00:00";12322;7270
"2021-06-09 00:00:00";12423;7960
"2021-06-10 00:00:00";12569;13771
"2021-06-11 00:00:00";12294;11182
"2021-06-12 00:00:00";13455;9001
"2021-06-13 00:00:00";13653;6052
"2021-06-14 00:00:00";11796;5669
"2021-06-15 00:00:00";9950;9479
"2021-06-16 00:00:00";12336;9556
"2021-06-17 00:00:00";12969;24919
"2021-06-18 00:00:00";13011;12018
"2021-06-19 00:00:00";13721;5211
"2021-06-20 00:00:00";13255;19599
"2021-06-21 00:00:00";11859;24338
"2021-06-22 00:00:00";11771;7253
"2021-06-23 00:00:00";12104;5444
"2021-06-24 00:00:00";12184;12737
"2021-06-25 00:00:00";11685;8344
"2021-06-26 00:00:00";12476;6734
"2021-06-27 00:00:00";11912;6033
"2021-06-28 00:00:00";10821;10270
"2021-06-29 00:00:00";10871;5607
"2021-06-30 00:00:00";11301;4835
"2021-07-01 00:00:00";11108;12096
"2021-07-02 00:00:00";12067;23485
"2021-07-03 00:00:00";12355;24274
"2021-07-04 00:00:00";12059;5107
"2021-07-05 00:00:00";11038;4325
"2021-07-06 00:00:00";10686;5240
"2021-07-07 00:00:00";10923;5947
"2021-07-08 00:00:00";10948;14522
"2021-07-09 00:00:00";10737;6528
"2021-07-10 00:00:00";11831;6503
"2021-07-11 00:00:00";11684;5297
"2021-07-12 00:00:00";10576;6326
"2021-07-13 00:00:00";9004;5636
"2021-07-14 00:00:00";10329;8378
"2021-07-15 00:00:00";11314;16250
"2021-07-16 00:00:00";11271;9334
"2021-07-17 00:00:00";11557;23524
"2021-07-18 00:00:00";11340;24102
"2021-07-19 00:00:00";11482;4888
"2021-07-20 00:00:00";11408;6500
"2021-07-21 00:00:00";10771;6177
"2021-07-22 00:00:00";10680;15174
"2021-07-23 00:00:00";11545;11401
"2021-07-24 00:00:00";12083;7397
"2021-07-25 00:00:00";11969;10310
"2021-07-26 00:00:00";10929;7987
"2021-07-27 00:00:00";11236;5435
"2021-07-28 00:00:00";11039;8674
"2021-07-29 00:00:00";10796;13677
"2021-07-30 00:00:00";11836;10596
"2021-07-31 00:00:00";12084;6199
"2021-08-01 00:00:00";12038;6439
"2021-08-02 00:00:00";11454;6204
"2021-08-03 00:00:00";11479;4948
"2021-08-04 00:00:00";11322;6963
"2021-08-05 00:00:00";11441;14291
"2021-08-06 00:00:00";12361;10684
"2021-08-07 00:00:00";12561;6425
"2021-08-08 00:00:00";12545;32818
"2021-08-09 00:00:00";11768;5053
"2021-08-10 00:00:00";10184;6985
"2021-08-11 00:00:00";11044;8601
"2021-08-12 00:00:00";12742;17254
"2021-08-13 00:00:00";12892;12070
"2021-08-14 00:00:00";13276;15326
"2021-08-15 00:00:00";13093;11927
"2021-08-16 00:00:00";11293;10533
"2021-08-17 00:00:00";12248;8810
"2021-08-18 00:00:00";13147;7038
"2021-08-19 00:00:00";13085;17338
"2021-08-20 00:00:00";12383;11043
"2021-08-21 00:00:00";13497;6653
"2021-08-22 00:00:00";13575;7568
"2021-08-23 00:00:00";11955;7542
"2021-08-24 00:00:00";12114;5721
"2021-08-25 00:00:00";12159;4978
"2021-08-26 00:00:00";11940;13341
"2021-08-27 00:00:00";12364;11393
"2021-08-28 00:00:00";13074;6694
"2021-08-29 00:00:00";12664;5348
"2021-08-30 00:00:00";11553;8753
"2021-08-31 00:00:00";11286;5704
"2021-09-01 00:00:00";10786;7029
"2021-09-02 00:00:00";10635;15092
"2021-09-03 00:00:00";11212;10103
"2021-09-04 00:00:00";12078;6504
"2021-09-05 00:00:00";11765;6440
"2021-09-06 00:00:00";11306;8448
"2021-09-07 00:00:00";9283;5122
"2021-09-08 00:00:00";10947;5460
"2021-09-09 00:00:00";11647;18935
"2021-09-10 00:00:00";12226;12959
"2021-09-11 00:00:00";12902;7439
"2021-09-12 00:00:00";12263;7808
"2021-09-13 00:00:00";11253;5146
"2021-09-14 00:00:00";11212;7471
"2021-09-15 00:00:00";11252;4785
"2021-09-16 00:00:00";11100;17442
"2021-09-17 00:00:00";14825;28475
"2021-09-18 00:00:00";14818;8644
"2021-09-19 00:00:00";14661;7960
"2021-09-20 00:00:00";12793;5925
"2021-09-21 00:00:00";12113;21496
"2021-09-22 00:00:00";12180;8350
"2021-09-23 00:00:00";12009;23683
"2021-09-24 00:00:00";13229;12475
"2021-09-25 00:00:00";13247;6941
"2021-09-26 00:00:00";13180;5387
"2021-09-27 00:00:00";11562;4956
"2021-09-28 00:00:00";11403;3965
"2021-09-29 00:00:00";11543;4601
"2021-09-30 00:00:00";11885;15018
"2021-10-01 00:00:00";11829;12915
"2021-10-02 00:00:00";12451;6079
"2021-10-03 00:00:00";12393;8322
"2021-10-04 00:00:00";11642;7905
"2021-10-05 00:00:00";9941;5384
"2021-10-06 00:00:00";10944;8937
"2021-10-07 00:00:00";11986;17694
"2021-10-08 00:00:00";11888;12736
"2021-10-09 00:00:00";13017;16499
"2021-10-10 00:00:00";12313;12655
"2021-10-11 00:00:00";11487;5591
"2021-10-12 00:00:00";11248;7322
"2021-10-13 00:00:00";10680;8122
"2021-10-14 00:00:00";10577;17821
"2021-10-15 00:00:00";11905;12915
"2021-10-16 00:00:00";12702;15408
"2021-10-17 00:00:00";11868;12814
"2021-10-18 00:00:00";10404;7036
"2021-10-19 00:00:00";10701;7570
"2021-10-20 00:00:00";10837;6623
"2021-10-21 00:00:00";11611;14543
"2021-10-22 00:00:00";12196;7589
"2021-10-23 00:00:00";12766;17413
"2021-10-24 00:00:00";12285;13515
"2021-10-25 00:00:00";11231;6521
"2021-10-26 00:00:00";11031;4575
"2021-10-27 00:00:00";11005;5772
"2021-10-28 00:00:00";10925;9566
"2021-10-29 00:00:00";12062;12662
"2021-10-30 00:00:00";12596;11218
"2021-10-31 00:00:00";11830;10611
"2021-11-01 00:00:00";11149;4890
"2021-11-02 00:00:00";10207;4575
"2021-11-03 00:00:00";10119;6375
"2021-11-04 00:00:00";10086;13402
"2021-11-05 00:00:00";26883;6705
"2021-11-06 00:00:00";37947;23660
"2021-11-07 00:00:00";15812;24978
"2021-11-08 00:00:00";10050;4818
"2021-11-09 00:00:00";8347;5699
"2021-11-10 00:00:00";10738;5720
"2021-11-11 00:00:00";14040;16795
"2021-11-12 00:00:00";13917;6511
"2021-11-13 00:00:00";12139;9255
"2021-11-14 00:00:00";11682;6447
"2021-11-15 00:00:00";10731;7004
"2021-11-16 00:00:00";10271;4505
"2021-11-17 00:00:00";11403;4551
"2021-11-18 00:00:00";12146;15601
"2021-11-19 00:00:00";14047;12295
"2021-11-20 00:00:00";15255;5953
"2021-11-21 00:00:00";14313;8855
"2021-11-22 00:00:00";11858;5546
"2021-11-23 00:00:00";12067;7212
"2021-11-24 00:00:00";11948;5893
"2021-11-25 00:00:00";11740;13092
"2021-11-26 00:00:00";11824;10629
"2021-11-27 00:00:00";13680;5441
"2021-11-28 00:00:00";12187;5072
"2021-11-29 00:00:00";10502;5057
"2021-11-30 00:00:00";10276;5815
"2021-12-01 00:00:00";10707;4774
"2021-12-02 00:00:00";10990;14435
"2021-12-03 00:00:00";11633;11898
"2021-12-04 00:00:00";12855;7648
"2021-12-05 00:00:00";12097;6699
"2021-12-06 00:00:00";10564;5151
"2021-12-07 00:00:00";8839;5752
"2021-12-08 00:00:00";10870;8143
"2021-12-09 00:00:00";11882;17163
"2021-12-10 00:00:00";13313;23664
"2021-12-11 00:00:00";14150;14710
"2021-12-12 00:00:00";13256;6142
"2021-12-13 00:00:00";11711;5364
"2021-12-14 00:00:00";11769;5582
"2021-12-15 00:00:00";12114;4107
"2021-12-16 00:00:00";12083;9233
"2021-12-17 00:00:00";12437;14717
"2021-12-18 00:00:00";13806;6869
"2021-12-19 00:00:00";12938;5631
"2021-12-20 00:00:00";11640;9542
"2021-12-21 00:00:00";11871;9120
"2021-12-22 00:00:00";12292;6697
"2021-12-23 00:00:00";13187;15381
"2021-12-24 00:00:00";13720;9982
"2021-12-25 00:00:00";13152;5617
"2021-12-26 00:00:00";12793;4557
"2021-12-27 00:00:00";13189;6372
"2021-12-28 00:00:00";13416;5151
"2021-12-29 00:00:00";13511;4886
"2021-12-30 00:00:00";13600;14641
"2021-12-31 00:00:00";14251;6515
"2022-01-01 00:00:00";14490;6035
"2022-01-02 00:00:00";15091;8036
"2022-01-03 00:00:00";12989;6719
"2022-01-04 00:00:00";13045;11205
"2022-01-05 00:00:00";13016;9924
"2022-01-06 00:00:00";13037;8744
"2022-01-07 00:00:00";13349;7107
"2022-01-08 00:00:00";14441;8085
"2022-01-09 00:00:00";13882;5797
"2022-01-10 00:00:00";12331;8476
"2022-01-11 00:00:00";12981;8102
"2022-01-12 00:00:00";12811;5070
"2022-01-13 00:00:00";12787;15700
"2022-01-14 00:00:00";13131;12287
"2022-01-15 00:00:00";14244;6434
"2022-01-16 00:00:00";14482;6618
"2022-01-17 00:00:00";12938;6120
"2022-01-18 00:00:00";11692;5756
"2022-01-19 00:00:00";12790;7620
"2022-01-20 00:00:00";13362;20478
"2022-01-21 00:00:00";13180;18165
"2022-01-22 00:00:00";14017;7828
"2022-01-23 00:00:00";14261;7468
"2022-01-24 00:00:00";12556;6558
"2022-01-25 00:00:00";13026;12264
"2022-01-26 00:00:00";12797;9382
"2022-01-27 00:00:00";12650;20183
"2022-01-28 00:00:00";13363;16973
"2022-01-29 00:00:00";14385;12963
"2022-01-30 00:00:00";14272;10326
"2022-01-31 00:00:00";11798;8970
"2022-02-01 00:00:00";11965;9105
"2022-02-02 00:00:00";11883;9884
"2022-02-03 00:00:00";12540;16388
"2022-02-04 00:00:00";12099;13897
"2022-02-05 00:00:00";12893;6961
"2022-02-06 00:00:00";13393;8335
"2022-02-07 00:00:00";12401;8989
"2022-02-08 00:00:00";12650;10155
"2022-02-09 00:00:00";12291;8502
"2022-02-10 00:00:00";12087;25250
"2022-02-11 00:00:00";12742;14990
"2022-02-12 00:00:00";13663;7358
"2022-02-13 00:00:00";13874;6468
"2022-02-14 00:00:00";12448;5793
"2022-02-15 00:00:00";11099;8232
"2022-02-16 00:00:00";11643;7147
"2022-02-17 00:00:00";12709;19183
"2022-02-18 00:00:00";12878;11911
"2022-02-19 00:00:00";13895;9461
"2022-02-20 00:00:00";13469;9735
"2022-02-21 00:00:00";12150;7461
"2022-02-22 00:00:00";11783;7772
"2022-02-23 00:00:00";12152;10390
"2022-02-24 00:00:00";10049;12875
"2022-02-25 00:00:00";11327;9833
"2022-02-26 00:00:00";12975;4522
"2022-02-27 00:00:00";12366;4782
"2022-02-28 00:00:00";10498;6941
"2022-03-01 00:00:00";10532;6413
"2022-03-02 00:00:00";11070;7228
"2022-03-03 00:00:00";11129;12322
"2022-03-04 00:00:00";11639;8105
"2022-03-05 00:00:00";13218;7544
"2022-03-06 00:00:00";12467;4563
"2022-03-07 00:00:00";10711;6134
"2022-03-08 00:00:00";10465;4364
"2022-03-09 00:00:00";10780;4128
"2022-03-10 00:00:00";10773;12555
"2022-03-11 00:00:00";11247;6699
"2022-03-12 00:00:00";12577;4510
"2022-03-13 00:00:00";11880;4766
"2022-03-14 00:00:00";10327;3380
"2022-03-15 00:00:00";9590;6978
"2022-03-16 00:00:00";10771;5151
"2022-03-17 00:00:00";11122;14091
"2022-03-18 00:00:00";11906;6423
"2022-03-19 00:00:00";13151;5187
"2022-03-20 00:00:00";12680;3925
"2022-03-21 00:00:00";9846;4121
"2022-03-22 00:00:00";10737;7036
"2022-03-23 00:00:00";11396;5745
"2022-03-24 00:00:00";11273;13119
"2022-03-25 00:00:00";11593;6212
"2022-03-26 00:00:00";12827;5464
"2022-03-27 00:00:00";12368;4836
"2022-03-28 00:00:00";10841;4997
"2022-03-29 00:00:00";10812;5262
"2022-03-30 00:00:00";11012;7398
"2022-03-31 00:00:00";11328;12768
"2022-04-01 00:00:00";11338;5858
"2022-04-02 00:00:00";12776;24560
"2022-04-03 00:00:00";13005;6244
"2022-04-04 00:00:00";11201;25720
"2022-04-05 00:00:00";10847;6969
"2022-04-06 00:00:00";11055;5189
"2022-04-07 00:00:00";10878;12435
"2022-04-08 00:00:00";11167;6655
"2022-04-09 00:00:00";12276;6754
"2022-04-10 00:00:00";11803;5375
"2022-04-11 00:00:00";10422;4225
"2022-04-12 00:00:00";9687;4420
"2022-04-13 00:00:00";10287;4269
"2022-04-14 00:00:00";10833;14220
"2022-04-15 00:00:00";13351;5908
"2022-04-16 00:00:00";12973;7348
"2022-04-17 00:00:00";12144;4213
"2022-04-18 00:00:00";12257;4235
"2022-04-19 00:00:00";11201;6002
"2022-04-20 00:00:00";11392;4628
"2022-04-21 00:00:00";11209;12953
"2022-04-22 00:00:00";12302;6920
"2022-04-23 00:00:00";12448;7466
"2022-04-24 00:00:00";12269;4855
"2022-04-25 00:00:00";11254;7004
"2022-04-26 00:00:00";11333;5803
"2022-04-27 00:00:00";11391;4848
"2022-04-28 00:00:00";11132;12846
"2022-04-29 00:00:00";12321;8784
"2022-04-30 00:00:00";12706;6295
"2022-05-01 00:00:00";12488;7265
"2022-05-02 00:00:00";11606;6654
"2022-05-03 00:00:00";11540;6061
"2022-05-04 00:00:00";10906;15732
"2022-05-05 00:00:00";11400;13031
"2022-05-06 00:00:00";12010;15244
"2022-05-07 00:00:00";13348;9277
"2022-05-08 00:00:00";12976;7259
"2022-05-09 00:00:00";11864;5811
"2022-05-10 00:00:00";11764;6227
"2022-05-11 00:00:00";11696;5547
"2022-05-12 00:00:00";11447;11430
"2022-05-13 00:00:00";11958;9090
"2022-05-14 00:00:00";12750;8881
"2022-05-15 00:00:00";12130;8099
"2022-05-16 00:00:00";11416;4332
"2022-05-17 00:00:00";10553;5781
"2022-05-18 00:00:00";11472;5072
"2022-05-19 00:00:00";13059;14147
"2022-05-20 00:00:00";12195;12212
"2022-05-21 00:00:00";12682;4734
"2022-05-22 00:00:00";12566;5602
"2022-05-23 00:00:00";11767;6518
"2022-05-24 00:00:00";11735;6250
"2022-05-25 00:00:00";12487;4547
"2022-05-26 00:00:00";12943;13092
"2022-05-27 00:00:00";15079;11162
"2022-05-28 00:00:00";16238;5172
"2022-05-29 00:00:00";15652;4894
"2022-05-30 00:00:00";14365;7693
"2022-05-31 00:00:00";13947;4868
"2022-06-01 00:00:00";14361;6900
"2022-06-02 00:00:00";15137;12199
"2022-06-03 00:00:00";14564;7244
"2022-06-04 00:00:00";15901;5205
"2022-06-05 00:00:00";15907;5941
"2022-06-06 00:00:00";15552;4532
"2022-06-07 00:00:00";14584;6563
"2022-06-08 00:00:00";14825;4791
"2022-06-09 00:00:00";14733;13149
"2022-06-10 00:00:00";15271;7961
"2022-06-11 00:00:00";16371;5062
"2022-06-12 00:00:00";15848;5498
"2022-06-13 00:00:00";14426;4723
"2022-06-14 00:00:00";12204;5935
"2022-06-15 00:00:00";13341;7089
"2022-06-16 00:00:00";13899;13572
"2022-06-17 00:00:00";13886;8002
"2022-06-18 00:00:00";14571;5419
"2022-06-19 00:00:00";14254;5533
"2022-06-20 00:00:00";12951;4068
"2022-06-21 00:00:00";12580;6189
"2022-06-22 00:00:00";12506;6257
"2022-06-23 00:00:00";12628;12239
"2022-06-24 00:00:00";12925;6260
"2022-06-25 00:00:00";13572;6120
"2022-06-26 00:00:00";13099;6287
"2022-06-27 00:00:00";12024;6145
"2022-06-28 00:00:00";11573;5422
"2022-06-29 00:00:00";11771;4716
"2022-06-30 00:00:00";11621;11386
"2022-07-01 00:00:00";12605;8996
"2022-07-02 00:00:00";13113;4543
"2022-07-03 00:00:00";12753;4334
"2022-07-04 00:00:00";11880;6356
"2022-07-05 00:00:00";11243;4423
"2022-07-06 00:00:00";11485;3749
"2022-07-07 00:00:00";11386;12839
"2022-07-08 00:00:00";11892;9173
"2022-07-09 00:00:00";12453;4464
"2022-07-10 00:00:00";12496;5750
"2022-07-11 00:00:00";11452;4421
"2022-07-12 00:00:00";9552;4482
"2022-07-13 00:00:00";10811;4612
"2022-07-14 00:00:00";13128;13966
"2022-07-15 00:00:00";12799;8912
"2022-07-16 00:00:00";13251;5362
"2022-07-17 00:00:00";13567;5880
"2022-07-18 00:00:00";12683;4772
"2022-07-19 00:00:00";12521;5205
"2022-07-20 00:00:00";12411;5192
"2022-07-21 00:00:00";12912;20430
"2022-07-22 00:00:00";13053;11482
"2022-07-23 00:00:00";13378;6443
"2022-07-24 00:00:00";13319;7606
"2022-07-25 00:00:00";13078;5315;
"2022-07-26 00:00:00";13041;5916
"2022-07-27 00:00:00";12571;4280
"2022-07-28 00:00:00";12362;11934
"2022-07-29 00:00:00";13066;7375
"2022-07-30 00:00:00";12995;7971
"2022-07-31 00:00:00";13087;5781
"2022-08-01 00:00:00";12877;4843
"2022-08-02 00:00:00";12580;5051
"2022-08-03 00:00:00";12378;7631
"2022-08-04 00:00:00";12307;11528
"2022-08-05 00:00:00";12760;8177
"2022-08-06 00:00:00";12947;10145
"2022-08-07 00:00:00";13223;12080
"2022-08-08 00:00:00";12464;5481
"2022-08-09 00:00:00";11009;6375
"2022-08-10 00:00:00";11884;6000
"2022-08-11 00:00:00";12795;14144
"2022-08-12 00:00:00";12770;8345
"2022-08-13 00:00:00";12505;4353
"2022-08-14 00:00:00";12436;7745
"2022-08-15 00:00:00";12400;4573
"2022-08-16 00:00:00";12233;4330
"2022-08-17 00:00:00";12878;4602
"2022-08-18 00:00:00";12234;11754
"2022-08-19 00:00:00";12153;6952
"2022-08-20 00:00:00";12839;13059
"2022-08-21 00:00:00";12680;6356
"2022-08-22 00:00:00";11632;6434
"2022-08-23 00:00:00";11729;4333
"2022-08-24 00:00:00";11634;4396
"2022-08-25 00:00:00";12032;12276
"2022-08-26 00:00:00";12041;6101
"2022-08-27 00:00:00";12619;3758